{
"type": "FeatureCollection",
"name": "schools",
"crs": { "type": "name", "properties": { "name": "urn:ogc:def:crs:OGC:1.3:CRS84" } },
"features": [
{ "type": "Feature", "properties": { "name": "Bradfield College", "level": "Secondary School", "enrolment": 292.1, "lga": "Willoughby", "icsea": 1108.0, "suburb": "St Leonards", "postcode": 2065 }, "geometry": { "type": "Point", "coordinates": [ 151.188457, -33.820468 ] } },
{ "type": "Feature", "properties": { "name": "Georges River College, Oatley Senior Campus", "level": "Secondary School", "enrolment": 739.6, "lga": "Georges River", "icsea": 1022.0, "suburb": "Oatley ", "postcode": 2223 }, "geometry": { "type": "Point", "coordinates": [ 151.081391, -33.977001 ] } },
{ "type": "Feature", "properties": { "name": "Girrakool School", "level": "Schools for Specific Purposes", "enrolment": 54.0, "lga": "Central Coast (NSW)", "icsea": 826.0, "suburb": "Kariong", "postcode": 2250 }, "geometry": { "type": "Point", "coordinates": [ 151.296, -33.4237 ] } },
{ "type": "Feature", "properties": { "name": "Bridge Road School", "level": "Schools for Specific Purposes", "enrolment": 37.0, "lga": "Inner West", "icsea": 977.0, "suburb": "Camperdown ", "postcode": 2050 }, "geometry": { "type": "Point", "coordinates": [ 151.175254, -33.887445 ] } },
{ "type": "Feature", "properties": { "name": "Wyndham College", "level": "Secondary School", "enrolment": 375.5, "lga": "Blacktown", "icsea": 1003.0, "suburb": "Quakers Hill ", "postcode": 2763 }, "geometry": { "type": "Point", "coordinates": [ 150.879574600000012, -33.72608922 ] } },
{ "type": "Feature", "properties": { "name": "Bankstown Senior College", "level": "Secondary School", "enrolment": 544.4, "lga": "Canterbury-Bankstown", "icsea": 847.0, "suburb": "Bankstown ", "postcode": 2200 }, "geometry": { "type": "Point", "coordinates": [ 151.022569, -33.929121 ] } },
{ "type": "Feature", "properties": { "name": "Stewart House School", "level": "Schools for Specific Purposes", "enrolment": null, "lga": "Northern Beaches", "icsea": null, "suburb": "Harbord ", "postcode": 2096 }, "geometry": { "type": "Point", "coordinates": [ 151.29131, -33.77349 ] } },
{ "type": "Feature", "properties": { "name": "Field of Mars Environmental Education Centre", "level": "Environmental Education Centre", "enrolment": null, "lga": "Ryde", "icsea": null, "suburb": "East Ryde", "postcode": 2113 }, "geometry": { "type": "Point", "coordinates": [ 151.132849, -33.816092 ] } },
{ "type": "Feature", "properties": { "name": "Kamay Botany Bay Environmental Education Centre", "level": "Environmental Education Centre", "enrolment": null, "lga": "Sutherland", "icsea": null, "suburb": "Kurnell", "postcode": 2231 }, "geometry": { "type": "Point", "coordinates": [ 151.221169, -34.003706 ] } },
{ "type": "Feature", "properties": { "name": "Camden Park Environmental Education Centre", "level": "Environmental Education Centre", "enrolment": null, "lga": "Wollondilly", "icsea": null, "suburb": "Menangle ", "postcode": 2568 }, "geometry": { "type": "Point", "coordinates": [ 150.709685, -34.120004 ] } },
{ "type": "Feature", "properties": { "name": "Georges River Environmental Education Centre", "level": "Environmental Education Centre", "enrolment": null, "lga": "Liverpool", "icsea": null, "suburb": "Chipping Norton ", "postcode": 2170 }, "geometry": { "type": "Point", "coordinates": [ 150.961511, -33.910278 ] } },
{ "type": "Feature", "properties": { "name": "Hurstville Grove Infants School", "level": "Infants School", "enrolment": 59.0, "lga": "Georges River", "icsea": 1097.0, "suburb": "Penshurst ", "postcode": 2222 }, "geometry": { "type": "Point", "coordinates": [ 151.090536, -33.973128 ] } },
{ "type": "Feature", "properties": { "name": "Bankstown South Infants School", "level": "Infants School", "enrolment": 141.0, "lga": "Canterbury-Bankstown", "icsea": 999.0, "suburb": "Bankstown ", "postcode": 2200 }, "geometry": { "type": "Point", "coordinates": [ 151.038402, -33.93123 ] } },
{ "type": "Feature", "properties": { "name": "Sefton Infants School", "level": "Infants School", "enrolment": 93.0, "lga": "Canterbury-Bankstown", "icsea": 1027.0, "suburb": "Sefton ", "postcode": 2162 }, "geometry": { "type": "Point", "coordinates": [ 151.009588, -33.889237 ] } },
{ "type": "Feature", "properties": { "name": "Fowler Road School", "level": "Schools for Specific Purposes", "enrolment": 55.0, "lga": "Cumberland", "icsea": 895.0, "suburb": "Merrylands", "postcode": 2160 }, "geometry": { "type": "Point", "coordinates": [ 150.975533, -33.841497 ] } },
{ "type": "Feature", "properties": { "name": "Rumbalara Environmental Education Centre", "level": "Environmental Education Centre", "enrolment": null, "lga": "Central Coast (NSW)", "icsea": null, "suburb": "Gosford ", "postcode": 2250 }, "geometry": { "type": "Point", "coordinates": [ 151.347464, -33.428082 ] } },
{ "type": "Feature", "properties": { "name": "Yeo Park Infants School", "level": "Infants School", "enrolment": 48.0, "lga": "Inner West", "icsea": 1144.0, "suburb": "Ashfield", "postcode": 2131 }, "geometry": { "type": "Point", "coordinates": [ 151.130055, -33.902692 ] } },
{ "type": "Feature", "properties": { "name": "Taverners Hill Infants School", "level": "Infants School", "enrolment": 20.0, "lga": "Inner West", "icsea": 1129.0, "suburb": "Petersham ", "postcode": 2049 }, "geometry": { "type": "Point", "coordinates": [ 151.157199, -33.888955 ] } },
{ "type": "Feature", "properties": { "name": "Brisbane Water Secondary College Woy Woy Campus", "level": "Secondary School", "enrolment": 639.4, "lga": "Central Coast (NSW)", "icsea": 974.0, "suburb": "WOY WOY", "postcode": 2256 }, "geometry": { "type": "Point", "coordinates": [ 151.323582, -33.492687 ] } },
{ "type": "Feature", "properties": { "name": "St Marys Senior High School", "level": "Secondary School", "enrolment": 925.1, "lga": "Penrith", "icsea": 1052.0, "suburb": "St Marys", "postcode": 2760 }, "geometry": { "type": "Point", "coordinates": [ 150.770024, -33.763119 ] } },
{ "type": "Feature", "properties": { "name": "St George Hospital School", "level": "Schools for Specific Purposes", "enrolment": null, "lga": "Georges River", "icsea": null, "suburb": "Kogarah", "postcode": 2217 }, "geometry": { "type": "Point", "coordinates": [ 151.13399, -33.96671 ] } },
{ "type": "Feature", "properties": { "name": "Secondary College of Languages", "level": "Other School", "enrolment": null, "lga": "Parramatta", "icsea": null, "suburb": "Parramatta", "postcode": 2150 }, "geometry": { "type": "Point", "coordinates": [ 151.008680199999986, -33.8137843 ] } },
{ "type": "Feature", "properties": { "name": "John Brotchie Nursery School", "level": "Other School", "enrolment": null, "lga": "Bayside (NSW)", "icsea": null, "suburb": "Botany ", "postcode": 2019 }, "geometry": { "type": "Point", "coordinates": [ 151.196138, -33.942627 ] } },
{ "type": "Feature", "properties": { "name": "Centennial Park School", "level": "Schools for Specific Purposes", "enrolment": 53.0, "lga": "Randwick", "icsea": 1055.0, "suburb": "Randwick", "postcode": 2031 }, "geometry": { "type": "Point", "coordinates": [ 151.243184, -33.910564 ] } },
{ "type": "Feature", "properties": { "name": "Verona School", "level": "Schools for Specific Purposes", "enrolment": 89.0, "lga": "Fairfield", "icsea": 889.0, "suburb": "Fairfield East ", "postcode": 2165 }, "geometry": { "type": "Point", "coordinates": [ 150.9709, -33.868235 ] } },
{ "type": "Feature", "properties": { "name": "Putland School", "level": "Schools for Specific Purposes", "enrolment": 65.0, "lga": "Penrith", "icsea": 871.0, "suburb": "Werrington", "postcode": 2747 }, "geometry": { "type": "Point", "coordinates": [ 150.750385, -33.764297 ] } },
{ "type": "Feature", "properties": { "name": "Kyeemagh Public School", "level": "Primary School", "enrolment": 204.0, "lga": "Bayside (NSW)", "icsea": 1057.0, "suburb": "KYEEMAGH", "postcode": 2216 }, "geometry": { "type": "Point", "coordinates": [ 151.162305, -33.94902 ] } },
{ "type": "Feature", "properties": { "name": "Dorchester School", "level": "Schools for Specific Purposes", "enrolment": 19.0, "lga": "Campbelltown (NSW)", "icsea": 871.0, "suburb": "Campbelltown ", "postcode": 2560 }, "geometry": { "type": "Point", "coordinates": [ 150.826331, -34.088474 ] } },
{ "type": "Feature", "properties": { "name": "Annandale Public School", "level": "Primary School", "enrolment": 363.0, "lga": "Inner West", "icsea": 1145.0, "suburb": "Annandale ", "postcode": 2038 }, "geometry": { "type": "Point", "coordinates": [ 151.169599, -33.885782 ] } },
{ "type": "Feature", "properties": { "name": "Annandale North Public School", "level": "Primary School", "enrolment": 359.0, "lga": "Inner West", "icsea": 1148.0, "suburb": "Annandale ", "postcode": 2038 }, "geometry": { "type": "Point", "coordinates": [ 151.171835, -33.877905 ] } },
{ "type": "Feature", "properties": { "name": "Ashfield Public School", "level": "Primary School", "enrolment": 474.0, "lga": "Inner West", "icsea": 1096.0, "suburb": "Ashfield ", "postcode": 2131 }, "geometry": { "type": "Point", "coordinates": [ 151.12821, -33.889723 ] } },
{ "type": "Feature", "properties": { "name": "Arndell School", "level": "Schools for Specific Purposes", "enrolment": 17.0, "lga": "Ryde", "icsea": 1011.0, "suburb": "North Ryde ", "postcode": 2113 }, "geometry": { "type": "Point", "coordinates": [ 151.125535, -33.803223 ] } },
{ "type": "Feature", "properties": { "name": "Brewongle Environmental Education Centre", "level": "Environmental Education Centre", "enrolment": null, "lga": "The Hills", "icsea": null, "suburb": "SACKVILLE NORTH", "postcode": 2756 }, "geometry": { "type": "Point", "coordinates": [ 150.891511, -33.48167 ] } },
{ "type": "Feature", "properties": { "name": "Gibberagong Environmental Education Centre", "level": "Environmental Education Centre", "enrolment": null, "lga": "Hornsby", "icsea": null, "suburb": "North Turramurra", "postcode": 2074 }, "geometry": { "type": "Point", "coordinates": [ 151.158600400000012, -33.65937821 ] } },
{ "type": "Feature", "properties": { "name": "Longneck Lagoon Environmental Education Centre", "level": "Environmental Education Centre", "enrolment": null, "lga": "Hawkesbury", "icsea": null, "suburb": "Maraylya ", "postcode": 2765 }, "geometry": { "type": "Point", "coordinates": [ 150.892806, -33.576219 ] } },
{ "type": "Feature", "properties": { "name": "Bardwell Park Infants School", "level": "Infants School", "enrolment": 33.0, "lga": "Bayside (NSW)", "icsea": 1088.0, "suburb": "Bardwell Park ", "postcode": 2207 }, "geometry": { "type": "Point", "coordinates": [ 151.12555, -33.933428 ] } },
{ "type": "Feature", "properties": { "name": "Arncliffe West Infants School", "level": "Infants School", "enrolment": 86.0, "lga": "Bayside (NSW)", "icsea": 1058.0, "suburb": "Arncliffe ", "postcode": 2205 }, "geometry": { "type": "Point", "coordinates": [ 151.14516, -33.931832 ] } },
{ "type": "Feature", "properties": { "name": "Mount Lewis Infants School", "level": "Infants School", "enrolment": 173.0, "lga": "Canterbury-Bankstown", "icsea": 1047.0, "suburb": "Greenacre ", "postcode": 2190 }, "geometry": { "type": "Point", "coordinates": [ 151.04976, -33.916084 ] } },
{ "type": "Feature", "properties": { "name": "Royal National Park Environmental Education Centre", "level": "Environmental Education Centre", "enrolment": null, "lga": "Sutherland", "icsea": null, "suburb": "ROYAL NATIONAL PARK", "postcode": 2232 }, "geometry": { "type": "Point", "coordinates": [ 151.057682, -34.06282 ] } },
{ "type": "Feature", "properties": { "name": "Russell Lea Public School", "level": "Primary School", "enrolment": 428.0, "lga": "Canada Bay", "icsea": 1140.0, "suburb": "Russell Lea", "postcode": 2046 }, "geometry": { "type": "Point", "coordinates": [ 151.142572, -33.861418 ] } },
{ "type": "Feature", "properties": { "name": "Australia Street Infants School", "level": "Infants School", "enrolment": 104.0, "lga": "Inner West", "icsea": 1143.0, "suburb": "Newtown ", "postcode": 2042 }, "geometry": { "type": "Point", "coordinates": [ 151.177607, -33.895783 ] } },
{ "type": "Feature", "properties": { "name": "Chifley College Senior Campus", "level": "Secondary School", "enrolment": 499.0, "lga": "Blacktown", "icsea": 894.0, "suburb": "MOUNT DRUITT", "postcode": 2770 }, "geometry": { "type": "Point", "coordinates": [ 150.829855, -33.769305 ] } },
{ "type": "Feature", "properties": { "name": "Sutherland Hospital School", "level": "Schools for Specific Purposes", "enrolment": null, "lga": "Sutherland", "icsea": null, "suburb": "Caringbah", "postcode": 2229 }, "geometry": { "type": "Point", "coordinates": [ 151.114597, -34.038034 ] } },
{ "type": "Feature", "properties": { "name": "Bankstown Hospital School", "level": "Schools for Specific Purposes", "enrolment": null, "lga": "Canterbury-Bankstown", "icsea": null, "suburb": "Bankstown", "postcode": 2200 }, "geometry": { "type": "Point", "coordinates": [ 151.021069, -33.933446 ] } },
{ "type": "Feature", "properties": { "name": "The Childrens Hospital School", "level": "Schools for Specific Purposes", "enrolment": null, "lga": "Parramatta", "icsea": null, "suburb": "Westmead ", "postcode": 2145 }, "geometry": { "type": "Point", "coordinates": [ 150.991834, -33.802243 ] } },
{ "type": "Feature", "properties": { "name": "Liverpool Hospital School", "level": "Schools for Specific Purposes", "enrolment": null, "lga": "Liverpool", "icsea": null, "suburb": "Liverpool ", "postcode": 2170 }, "geometry": { "type": "Point", "coordinates": [ 150.931084, -33.919912 ] } },
{ "type": "Feature", "properties": { "name": "Abbotsford Public School", "level": "Primary School", "enrolment": 368.0, "lga": "Canada Bay", "icsea": 1113.0, "suburb": "Abbotsford ", "postcode": 2046 }, "geometry": { "type": "Point", "coordinates": [ 151.131206, -33.852728 ] } },
{ "type": "Feature", "properties": { "name": "Ashbury Public School", "level": "Primary School", "enrolment": 356.0, "lga": "Canterbury-Bankstown", "icsea": 1111.0, "suburb": "Ashbury", "postcode": 2193 }, "geometry": { "type": "Point", "coordinates": [ 151.11944, -33.898833 ] } },
{ "type": "Feature", "properties": { "name": "Palm Avenue School", "level": "Schools for Specific Purposes", "enrolment": null, "lga": "Parramatta", "icsea": null, "suburb": "Westmead", "postcode": 2145 }, "geometry": { "type": "Point", "coordinates": [ 150.985185800000011, -33.80257496 ] } },
{ "type": "Feature", "properties": { "name": "Banksmeadow Public School", "level": "Primary School", "enrolment": 268.0, "lga": "Bayside (NSW)", "icsea": 1032.0, "suburb": "Botany ", "postcode": 2019 }, "geometry": { "type": "Point", "coordinates": [ 151.20661, -33.953739 ] } },
{ "type": "Feature", "properties": { "name": "Bellevue Hill Public School", "level": "Primary School", "enrolment": 573.0, "lga": "Woollahra", "icsea": 1156.0, "suburb": "Bellevue Hill ", "postcode": 2023 }, "geometry": { "type": "Point", "coordinates": [ 151.259785, -33.886986 ] } },
{ "type": "Feature", "properties": { "name": "Royal Far West School", "level": "Schools for Specific Purposes", "enrolment": null, "lga": "Northern Beaches", "icsea": null, "suburb": "MANLY", "postcode": 2095 }, "geometry": { "type": "Point", "coordinates": [ 151.288476, -33.798519 ] } },
{ "type": "Feature", "properties": { "name": "Beverly Hills Public School", "level": "Primary School", "enrolment": 320.0, "lga": "Georges River", "icsea": 1051.0, "suburb": "Beverly Hills", "postcode": 2209 }, "geometry": { "type": "Point", "coordinates": [ 151.085209, -33.953449 ] } },
{ "type": "Feature", "properties": { "name": "Birchgrove Public School", "level": "Primary School", "enrolment": 214.0, "lga": "Inner West", "icsea": 1132.0, "suburb": "Balmain ", "postcode": 2041 }, "geometry": { "type": "Point", "coordinates": [ 151.177045, -33.853009 ] } },
{ "type": "Feature", "properties": { "name": "Blakehurst Public School", "level": "Primary School", "enrolment": 256.0, "lga": "Georges River", "icsea": 1049.0, "suburb": "Blakehurst ", "postcode": 2221 }, "geometry": { "type": "Point", "coordinates": [ 151.115779, -33.98298 ] } },
{ "type": "Feature", "properties": { "name": "Botany Public School", "level": "Primary School", "enrolment": 232.0, "lga": "Bayside (NSW)", "icsea": 1062.0, "suburb": "Botany ", "postcode": 2019 }, "geometry": { "type": "Point", "coordinates": [ 151.194687, -33.94316 ] } },
{ "type": "Feature", "properties": { "name": "Brighton-Le-Sands Public School", "level": "Primary School", "enrolment": 433.0, "lga": "Bayside (NSW)", "icsea": 1064.0, "suburb": "BRIGHTON-LE-SANDS", "postcode": 2216 }, "geometry": { "type": "Point", "coordinates": [ 151.148929, -33.962357 ] } },
{ "type": "Feature", "properties": { "name": "Bronte Public School", "level": "Primary School", "enrolment": 257.0, "lga": "Waverley", "icsea": 1176.0, "suburb": "BRONTE", "postcode": 2024 }, "geometry": { "type": "Point", "coordinates": [ 151.262011, -33.900605 ] } },
{ "type": "Feature", "properties": { "name": "Canterbury Public School", "level": "Primary School", "enrolment": 346.0, "lga": "Canterbury-Bankstown", "icsea": 1082.0, "suburb": "Canterbury ", "postcode": 2193 }, "geometry": { "type": "Point", "coordinates": [ 151.122306, -33.908761 ] } },
{ "type": "Feature", "properties": { "name": "Caringbah Public School", "level": "Primary School", "enrolment": 394.0, "lga": "Sutherland", "icsea": 1088.0, "suburb": "Caringbah ", "postcode": 2229 }, "geometry": { "type": "Point", "coordinates": [ 151.122988, -34.053433 ] } },
{ "type": "Feature", "properties": { "name": "Carlton Public School", "level": "Primary School", "enrolment": 599.0, "lga": "Bayside (NSW)", "icsea": 1041.0, "suburb": "Bexley ", "postcode": 2207 }, "geometry": { "type": "Point", "coordinates": [ 151.12246, -33.963496 ] } },
{ "type": "Feature", "properties": { "name": "Carlton South Public School", "level": "Primary School", "enrolment": 514.0, "lga": "Georges River", "icsea": 1064.0, "suburb": "CARLTON", "postcode": 2218 }, "geometry": { "type": "Point", "coordinates": [ 151.128287, -33.973045 ] } },
{ "type": "Feature", "properties": { "name": "Observatory Hill Environmental Education Centre", "level": "Environmental Education Centre", "enrolment": null, "lga": "Sydney", "icsea": null, "suburb": "THE ROCKS", "postcode": 2000 }, "geometry": { "type": "Point", "coordinates": [ 151.204832, -33.860863 ] } },
{ "type": "Feature", "properties": { "name": "Penrith Lakes Environmental Education Centre", "level": "Environmental Education Centre", "enrolment": null, "lga": "Penrith", "icsea": null, "suburb": "Cranebrook", "postcode": 2749 }, "geometry": { "type": "Point", "coordinates": [ 150.686511, -33.728553 ] } },
{ "type": "Feature", "properties": { "name": "Clemton Park Public School", "level": "Primary School", "enrolment": 500.0, "lga": "Canterbury-Bankstown", "icsea": 1038.0, "suburb": "Earlwood", "postcode": 2206 }, "geometry": { "type": "Point", "coordinates": [ 151.108423, -33.929708 ] } },
{ "type": "Feature", "properties": { "name": "Northern Beaches Secondary College Freshwater Senior Campus", "level": "Secondary School", "enrolment": 646.3, "lga": "Northern Beaches", "icsea": 1098.0, "suburb": "FRESHWATER", "postcode": 2096 }, "geometry": { "type": "Point", "coordinates": [ 151.279975, -33.76751 ] } },
{ "type": "Feature", "properties": { "name": "Sydney Secondary College Blackwattle Bay Campus", "level": "Secondary School", "enrolment": 786.9, "lga": "Sydney", "icsea": 1094.0, "suburb": "Glebe ", "postcode": 2037 }, "geometry": { "type": "Point", "coordinates": [ 151.188357, -33.875142 ] } },
{ "type": "Feature", "properties": { "name": "NSW School of Languages", "level": "Secondary School", "enrolment": null, "lga": "Inner West", "icsea": null, "suburb": "Petersham", "postcode": 2049 }, "geometry": { "type": "Point", "coordinates": [ 151.150285, -33.894807 ] } },
{ "type": "Feature", "properties": { "name": "Royal Prince Alfred Hospital School", "level": "Schools for Specific Purposes", "enrolment": null, "lga": "Sydney", "icsea": null, "suburb": "CAMPERDOWN", "postcode": 2050 }, "geometry": { "type": "Point", "coordinates": [ 151.180245, -33.889314 ] } },
{ "type": "Feature", "properties": { "name": "Royal North Shore Hospital School", "level": "Schools for Specific Purposes", "enrolment": null, "lga": "Willoughby", "icsea": null, "suburb": "St Leonards", "postcode": 2065 }, "geometry": { "type": "Point", "coordinates": [ 151.19079, -33.820685 ] } },
{ "type": "Feature", "properties": { "name": "Sydney Childrens Hospital School", "level": "Schools for Specific Purposes", "enrolment": null, "lga": "Randwick", "icsea": null, "suburb": "Randwick", "postcode": 2031 }, "geometry": { "type": "Point", "coordinates": [ 151.239067, -33.919053 ] } },
{ "type": "Feature", "properties": { "name": "Engadine Public School", "level": "Primary School", "enrolment": 411.0, "lga": "Sutherland", "icsea": 1059.0, "suburb": "Engadine ", "postcode": 2233 }, "geometry": { "type": "Point", "coordinates": [ 151.012431, -34.06335 ] } },
{ "type": "Feature", "properties": { "name": "Five Dock Public School", "level": "Primary School", "enrolment": 314.0, "lga": "Canada Bay", "icsea": 1082.0, "suburb": "Five Dock ", "postcode": 2046 }, "geometry": { "type": "Point", "coordinates": [ 151.127318, -33.866859 ] } },
{ "type": "Feature", "properties": { "name": "Summer Hill Public School", "level": "Primary School", "enrolment": 662.0, "lga": "Inner West", "icsea": 1167.0, "suburb": "Summer Hill ", "postcode": 2130 }, "geometry": { "type": "Point", "coordinates": [ 151.135853, -33.895815 ] } },
{ "type": "Feature", "properties": { "name": "Forest Lodge Public School", "level": "Primary School", "enrolment": 307.0, "lga": "Sydney", "icsea": 1161.0, "suburb": "Forest Lodge ", "postcode": 2037 }, "geometry": { "type": "Point", "coordinates": [ 151.181597, -33.882169 ] } },
{ "type": "Feature", "properties": { "name": "Fort Street Public School", "level": "Primary School", "enrolment": 284.0, "lga": "Sydney", "icsea": 1094.0, "suburb": "Millers Point", "postcode": 2000 }, "geometry": { "type": "Point", "coordinates": [ 151.204871, -33.860427 ] } },
{ "type": "Feature", "properties": { "name": "Taren Point Public School", "level": "Primary School", "enrolment": 114.0, "lga": "Sutherland", "icsea": 1043.0, "suburb": "Taren Point", "postcode": 2229 }, "geometry": { "type": "Point", "coordinates": [ 151.12269, -34.01808 ] } },
{ "type": "Feature", "properties": { "name": "Glenmore Road Public School", "level": "Primary School", "enrolment": 263.0, "lga": "Woollahra", "icsea": 1176.0, "suburb": "Paddington ", "postcode": 2021 }, "geometry": { "type": "Point", "coordinates": [ 151.230233, -33.881385 ] } },
{ "type": "Feature", "properties": { "name": "Gymea Bay Public School", "level": "Primary School", "enrolment": 763.0, "lga": "Sutherland", "icsea": 1091.0, "suburb": "Gymea Bay", "postcode": 2227 }, "geometry": { "type": "Point", "coordinates": [ 151.082825, -34.046905 ] } },
{ "type": "Feature", "properties": { "name": "Haberfield Public School", "level": "Primary School", "enrolment": 542.0, "lga": "Inner West", "icsea": 1125.0, "suburb": "Haberfield ", "postcode": 2045 }, "geometry": { "type": "Point", "coordinates": [ 151.134002, -33.879467 ] } },
{ "type": "Feature", "properties": { "name": "Heathcote Public School", "level": "Primary School", "enrolment": 273.0, "lga": "Sutherland", "icsea": 1056.0, "suburb": null, "postcode": 2233 }, "geometry": { "type": "Point", "coordinates": [ 151.007321, -34.086704 ] } },
{ "type": "Feature", "properties": { "name": "Hurstville Public School", "level": "Primary School", "enrolment": 1048.0, "lga": "Georges River", "icsea": 1102.0, "suburb": "HURSTVILLE", "postcode": 2220 }, "geometry": { "type": "Point", "coordinates": [ 151.110728, -33.964695 ] } },
{ "type": "Feature", "properties": { "name": "Hurstville South Public School", "level": "Primary School", "enrolment": 453.0, "lga": "Georges River", "icsea": 1077.0, "suburb": "Hurstville ", "postcode": 2220 }, "geometry": { "type": "Point", "coordinates": [ 151.099252, -33.972516 ] } },
{ "type": "Feature", "properties": { "name": "Kegworth Public School", "level": "Primary School", "enrolment": 252.0, "lga": "Inner West", "icsea": 1117.0, "suburb": "Leichhardt ", "postcode": 2040 }, "geometry": { "type": "Point", "coordinates": [ 151.14693, -33.886514 ] } },
{ "type": "Feature", "properties": { "name": "Kensington Public School", "level": "Primary School", "enrolment": 381.0, "lga": "Randwick", "icsea": 1120.0, "suburb": "KENSINGTON", "postcode": 2033 }, "geometry": { "type": "Point", "coordinates": [ 151.224965, -33.909604 ] } },
{ "type": "Feature", "properties": { "name": "Kingsgrove Public School", "level": "Primary School", "enrolment": 268.0, "lga": "Georges River", "icsea": 1010.0, "suburb": "Kingsgrove ", "postcode": 2208 }, "geometry": { "type": "Point", "coordinates": [ 151.10156, -33.947822 ] } },
{ "type": "Feature", "properties": { "name": "Bexley North Public School", "level": "Primary School", "enrolment": 340.0, "lga": "Bayside (NSW)", "icsea": 1071.0, "suburb": "Bexley ", "postcode": 2207 }, "geometry": { "type": "Point", "coordinates": [ 151.120374, -33.940838 ] } },
{ "type": "Feature", "properties": { "name": "Kogarah Public School", "level": "Primary School", "enrolment": 456.0, "lga": "Georges River", "icsea": 1087.0, "suburb": "Kogarah ", "postcode": 2217 }, "geometry": { "type": "Point", "coordinates": [ 151.136618, -33.962028 ] } },
{ "type": "Feature", "properties": { "name": "Kurnell Public School", "level": "Primary School", "enrolment": 211.0, "lga": "Sutherland", "icsea": 1030.0, "suburb": "Kurnell ", "postcode": 2231 }, "geometry": { "type": "Point", "coordinates": [ 151.203773, -34.010156 ] } },
{ "type": "Feature", "properties": { "name": "Bondi Beach Public School", "level": "Primary School", "enrolment": 348.0, "lga": "Waverley", "icsea": 1120.0, "suburb": "Bondi Beach ", "postcode": 2026 }, "geometry": { "type": "Point", "coordinates": [ 151.276821, -33.8883 ] } },
{ "type": "Feature", "properties": { "name": "La Perouse Public School", "level": "Primary School", "enrolment": 111.0, "lga": "Randwick", "icsea": 920.0, "suburb": "La Perouse ", "postcode": 2036 }, "geometry": { "type": "Point", "coordinates": [ 151.235423, -33.978352 ] } },
{ "type": "Feature", "properties": { "name": "Malabar Public School", "level": "Primary School", "enrolment": 244.0, "lga": "Randwick", "icsea": 1068.0, "suburb": "MALABAR", "postcode": 2036 }, "geometry": { "type": "Point", "coordinates": [ 151.248559, -33.962214 ] } },
{ "type": "Feature", "properties": { "name": "Camdenville Public School", "level": "Primary School", "enrolment": 310.0, "lga": "Inner West", "icsea": 1132.0, "suburb": "Newtown ", "postcode": 2042 }, "geometry": { "type": "Point", "coordinates": [ 151.175741, -33.906146 ] } },
{ "type": "Feature", "properties": { "name": "Matraville Public School", "level": "Primary School", "enrolment": 222.0, "lga": "Bayside (NSW)", "icsea": 1046.0, "suburb": "MATRAVILLE", "postcode": 2036 }, "geometry": { "type": "Point", "coordinates": [ 151.229111, -33.955064 ] } },
{ "type": "Feature", "properties": { "name": "Menai Public School", "level": "Primary School", "enrolment": 154.0, "lga": "Sutherland", "icsea": 1036.0, "suburb": "Menai ", "postcode": 2234 }, "geometry": { "type": "Point", "coordinates": [ 151.006587, -34.01213 ] } },
{ "type": "Feature", "properties": { "name": "Clovelly Public School", "level": "Primary School", "enrolment": 513.0, "lga": "Waverley", "icsea": 1161.0, "suburb": "Waverley ", "postcode": 2024 }, "geometry": { "type": "Point", "coordinates": [ 151.26028, -33.907431 ] } },
{ "type": "Feature", "properties": { "name": "Como Public School", "level": "Primary School", "enrolment": 103.0, "lga": "Sutherland", "icsea": 1071.0, "suburb": "Como ", "postcode": 2226 }, "geometry": { "type": "Point", "coordinates": [ 151.069127, -34.001832 ] } },
{ "type": "Feature", "properties": { "name": "Connells Point Public School", "level": "Primary School", "enrolment": 429.0, "lga": "Georges River", "icsea": 1088.0, "suburb": " Connells Point", "postcode": 2221 }, "geometry": { "type": "Point", "coordinates": [ 151.100306, -33.984689 ] } },
{ "type": "Feature", "properties": { "name": "Coogee Public School", "level": "Primary School", "enrolment": 361.0, "lga": "Randwick", "icsea": 1154.0, "suburb": "Coogee ", "postcode": 2034 }, "geometry": { "type": "Point", "coordinates": [ 151.249846, -33.920819 ] } },
{ "type": "Feature", "properties": { "name": "Cronulla Public School", "level": "Primary School", "enrolment": 516.0, "lga": "Sutherland", "icsea": 1064.0, "suburb": "Cronulla ", "postcode": 2230 }, "geometry": { "type": "Point", "coordinates": [ 151.14773, -34.054077 ] } },
{ "type": "Feature", "properties": { "name": "Darlington Public School", "level": "Primary School", "enrolment": 147.0, "lga": "Sydney", "icsea": 1030.0, "suburb": "Chippendale ", "postcode": 2008 }, "geometry": { "type": "Point", "coordinates": [ 151.18939, -33.892638 ] } },
{ "type": "Feature", "properties": { "name": "Double Bay Public School", "level": "Primary School", "enrolment": 237.0, "lga": "Woollahra", "icsea": 1135.0, "suburb": "Double Bay ", "postcode": 2028 }, "geometry": { "type": "Point", "coordinates": [ 151.240894, -33.874856 ] } },
{ "type": "Feature", "properties": { "name": "Drummoyne Public School", "level": "Primary School", "enrolment": 427.0, "lga": "Canada Bay", "icsea": 1137.0, "suburb": "Drummoyne ", "postcode": 2047 }, "geometry": { "type": "Point", "coordinates": [ 151.153035, -33.856073 ] } },
{ "type": "Feature", "properties": { "name": "Earlwood Public School", "level": "Primary School", "enrolment": 600.0, "lga": "Canterbury-Bankstown", "icsea": 1107.0, "suburb": "Earlwood ", "postcode": 2206 }, "geometry": { "type": "Point", "coordinates": [ 151.12238, -33.928982 ] } },
{ "type": "Feature", "properties": { "name": "Sans Souci Public School", "level": "Primary School", "enrolment": 523.0, "lga": "Georges River", "icsea": 1060.0, "suburb": "Sans Souci ", "postcode": 2219 }, "geometry": { "type": "Point", "coordinates": [ 151.12923, -33.99499 ] } },
{ "type": "Feature", "properties": { "name": "Sutherland Public School", "level": "Primary School", "enrolment": 344.0, "lga": "Sutherland", "icsea": 1101.0, "suburb": "Sutherland", "postcode": 2232 }, "geometry": { "type": "Point", "coordinates": [ 151.059149, -34.033001 ] } },
{ "type": "Feature", "properties": { "name": "Sylvania Public School", "level": "Primary School", "enrolment": 167.0, "lga": "Sutherland", "icsea": 1038.0, "suburb": "SYLVANIA", "postcode": 2224 }, "geometry": { "type": "Point", "coordinates": [ 151.112077, -34.008118 ] } },
{ "type": "Feature", "properties": { "name": "Ultimo Public School", "level": "Primary School", "enrolment": 483.0, "lga": "Sydney", "icsea": 1088.0, "suburb": "Ultimo ", "postcode": 2007 }, "geometry": { "type": "Point", "coordinates": [ 151.195607, -33.877674 ] } },
{ "type": "Feature", "properties": { "name": "Waterfall Public School", "level": "Primary School", "enrolment": 17.0, "lga": "Sutherland", "icsea": 1031.0, "suburb": "Waterfall ", "postcode": 2233 }, "geometry": { "type": "Point", "coordinates": [ 150.995977, -34.137598 ] } },
{ "type": "Feature", "properties": { "name": "Athelstane Public School", "level": "Primary School", "enrolment": 277.0, "lga": "Bayside (NSW)", "icsea": 1003.0, "suburb": "Arncliffe ", "postcode": 2205 }, "geometry": { "type": "Point", "coordinates": [ 151.138362, -33.937445 ] } },
{ "type": "Feature", "properties": { "name": "Oyster Bay Public School", "level": "Primary School", "enrolment": 416.0, "lga": "Sutherland", "icsea": 1098.0, "suburb": "Oyster Bay ", "postcode": 2225 }, "geometry": { "type": "Point", "coordinates": [ 151.080693, -34.00779 ] } },
{ "type": "Feature", "properties": { "name": "Cronulla South Public School", "level": "Primary School", "enrolment": 261.0, "lga": "Sutherland", "icsea": 1093.0, "suburb": "Cronulla ", "postcode": 2230 }, "geometry": { "type": "Point", "coordinates": [ 151.154201, -34.06611 ] } },
{ "type": "Feature", "properties": { "name": "South Coogee Public School", "level": "Primary School", "enrolment": 376.0, "lga": "Randwick", "icsea": 1095.0, "suburb": "South Coogee", "postcode": 2034 }, "geometry": { "type": "Point", "coordinates": [ 151.25409, -33.933333 ] } },
{ "type": "Feature", "properties": { "name": "Woronora River Public School", "level": "Primary School", "enrolment": 70.0, "lga": "Sutherland", "icsea": 1054.0, "suburb": "WORONORA", "postcode": 2232 }, "geometry": { "type": "Point", "coordinates": [ 151.041114, -34.026575 ] } },
{ "type": "Feature", "properties": { "name": "Bundeena Public School", "level": "Primary School", "enrolment": 174.0, "lga": "Sutherland", "icsea": 1067.0, "suburb": "Bundeena", "postcode": 2230 }, "geometry": { "type": "Point", "coordinates": [ 151.152422, -34.086792 ] } },
{ "type": "Feature", "properties": { "name": "Bald Face Public School", "level": "Primary School", "enrolment": 246.0, "lga": "Georges River", "icsea": 1123.0, "suburb": "Blakehurst ", "postcode": 2221 }, "geometry": { "type": "Point", "coordinates": [ 151.106905, -33.996752 ] } },
{ "type": "Feature", "properties": { "name": "Lugarno Public School", "level": "Primary School", "enrolment": 272.0, "lga": "Georges River", "icsea": 1099.0, "suburb": "Lugarno", "postcode": 2210 }, "geometry": { "type": "Point", "coordinates": [ 151.044676, -33.984956 ] } },
{ "type": "Feature", "properties": { "name": "Oatley West Public School", "level": "Primary School", "enrolment": 519.0, "lga": "Georges River", "icsea": 1132.0, "suburb": "Oatley", "postcode": 2223 }, "geometry": { "type": "Point", "coordinates": [ 151.065459, -33.979006 ] } },
{ "type": "Feature", "properties": { "name": "Sutherland North Public School", "level": "Primary School", "enrolment": 225.0, "lga": "Sutherland", "icsea": 1073.0, "suburb": "Sutherland ", "postcode": 2232 }, "geometry": { "type": "Point", "coordinates": [ 151.067084, -34.026785 ] } },
{ "type": "Feature", "properties": { "name": "Jannali Public School", "level": "Primary School", "enrolment": 139.0, "lga": "Sutherland", "icsea": 1062.0, "suburb": "JANNALI", "postcode": 2226 }, "geometry": { "type": "Point", "coordinates": [ 151.060909, -34.017945 ] } },
{ "type": "Feature", "properties": { "name": "Ramsgate Public School", "level": "Primary School", "enrolment": 447.0, "lga": "Bayside (NSW)", "icsea": 1039.0, "suburb": "Ramsgate ", "postcode": 2217 }, "geometry": { "type": "Point", "coordinates": [ 151.143549, -33.981431 ] } },
{ "type": "Feature", "properties": { "name": "Maroubra Bay Public School", "level": "Primary School", "enrolment": 269.0, "lga": "Randwick", "icsea": 1055.0, "suburb": "Maroubra ", "postcode": 2035 }, "geometry": { "type": "Point", "coordinates": [ 151.253017, -33.944236 ] } },
{ "type": "Feature", "properties": { "name": "Dobroyd Point Public School", "level": "Primary School", "enrolment": 116.0, "lga": "Inner West", "icsea": 1149.0, "suburb": "Haberfield", "postcode": 2045 }, "geometry": { "type": "Point", "coordinates": [ 151.140692, -33.874416 ] } },
{ "type": "Feature", "properties": { "name": "Mascot Public School", "level": "Primary School", "enrolment": 397.0, "lga": "Bayside (NSW)", "icsea": 1035.0, "suburb": "Mascot ", "postcode": 2020 }, "geometry": { "type": "Point", "coordinates": [ 151.192485, -33.928577 ] } },
{ "type": "Feature", "properties": { "name": "Como West Public School", "level": "Primary School", "enrolment": 275.0, "lga": "Sutherland", "icsea": 1109.0, "suburb": "Como ", "postcode": 2226 }, "geometry": { "type": "Point", "coordinates": [ 151.060505, -34.004744 ] } },
{ "type": "Feature", "properties": { "name": "Miranda Public School", "level": "Primary School", "enrolment": 300.0, "lga": "Sutherland", "icsea": 1024.0, "suburb": "MIRANDA", "postcode": 2228 }, "geometry": { "type": "Point", "coordinates": [ 151.097405, -34.034645 ] } },
{ "type": "Feature", "properties": { "name": "Mortdale Public School", "level": "Primary School", "enrolment": 350.0, "lga": "Georges River", "icsea": 1096.0, "suburb": "Mortdale ", "postcode": 2223 }, "geometry": { "type": "Point", "coordinates": [ 151.080995, -33.972901 ] } },
{ "type": "Feature", "properties": { "name": "Newtown North Public School", "level": "Primary School", "enrolment": 221.0, "lga": "Sydney", "icsea": 1132.0, "suburb": "Newtown ", "postcode": 2042 }, "geometry": { "type": "Point", "coordinates": [ 151.185392, -33.891821 ] } },
{ "type": "Feature", "properties": { "name": "Nicholson Street Public School", "level": "Primary School", "enrolment": 95.0, "lga": "Inner West", "icsea": 1151.0, "suburb": "Balmain East ", "postcode": 2041 }, "geometry": { "type": "Point", "coordinates": [ 151.193188, -33.855744 ] } },
{ "type": "Feature", "properties": { "name": "Oatley Public School", "level": "Primary School", "enrolment": 365.0, "lga": "Georges River", "icsea": 1126.0, "suburb": "OATLEY", "postcode": 2223 }, "geometry": { "type": "Point", "coordinates": [ 151.080332, -33.983741 ] } },
{ "type": "Feature", "properties": { "name": "Orange Grove Public School", "level": "Primary School", "enrolment": 519.0, "lga": "Inner West", "icsea": 1132.0, "suburb": "Leichhardt ", "postcode": 2040 }, "geometry": { "type": "Point", "coordinates": [ 151.158678, -33.872278 ] } },
{ "type": "Feature", "properties": { "name": "Peakhurst Public School", "level": "Primary School", "enrolment": 412.0, "lga": "Georges River", "icsea": 1043.0, "suburb": "PEAKHURST", "postcode": 2210 }, "geometry": { "type": "Point", "coordinates": [ 151.062306, -33.955402 ] } },
{ "type": "Feature", "properties": { "name": "Penshurst Public School", "level": "Primary School", "enrolment": 458.0, "lga": "Georges River", "icsea": 1061.0, "suburb": "Penshurst ", "postcode": 2222 }, "geometry": { "type": "Point", "coordinates": [ 151.087702, -33.962636 ] } },
{ "type": "Feature", "properties": { "name": "Rainbow Street Public School", "level": "Primary School", "enrolment": 454.0, "lga": "Randwick", "icsea": 1122.0, "suburb": "RANDWICK", "postcode": 2031 }, "geometry": { "type": "Point", "coordinates": [ 151.237164, -33.924647 ] } },
{ "type": "Feature", "properties": { "name": "Rockdale Public School", "level": "Primary School", "enrolment": 321.0, "lga": "Bayside (NSW)", "icsea": 1053.0, "suburb": "Rockdale ", "postcode": 2216 }, "geometry": { "type": "Point", "coordinates": [ 151.141681, -33.952626 ] } },
{ "type": "Feature", "properties": { "name": "Rose Bay Public School", "level": "Primary School", "enrolment": 377.0, "lga": "Woollahra", "icsea": 1145.0, "suburb": "ROSE BAY", "postcode": 2029 }, "geometry": { "type": "Point", "coordinates": [ 151.270962, -33.873011 ] } },
{ "type": "Feature", "properties": { "name": "St Peters Public School", "level": "Primary School", "enrolment": 154.0, "lga": "Inner West", "icsea": 1099.0, "suburb": "St Peters ", "postcode": 2044 }, "geometry": { "type": "Point", "coordinates": [ 151.176696, -33.912993 ] } },
{ "type": "Feature", "properties": { "name": "Jannali East Public School", "level": "Primary School", "enrolment": 313.0, "lga": "Sutherland", "icsea": 1081.0, "suburb": "Jannali ", "postcode": 2226 }, "geometry": { "type": "Point", "coordinates": [ 151.07232, -34.019152 ] } },
{ "type": "Feature", "properties": { "name": "Canterbury South Public School", "level": "Primary School", "enrolment": 269.0, "lga": "Canterbury-Bankstown", "icsea": 1038.0, "suburb": "Canterbury ", "postcode": 2193 }, "geometry": { "type": "Point", "coordinates": [ 151.116013, -33.917776 ] } },
{ "type": "Feature", "properties": { "name": "Ferncourt Public School", "level": "Primary School", "enrolment": 285.0, "lga": "Inner West", "icsea": 1125.0, "suburb": "Marrickville ", "postcode": 2204 }, "geometry": { "type": "Point", "coordinates": [ 151.151497, -33.921393 ] } },
{ "type": "Feature", "properties": { "name": "Peakhurst West Public School", "level": "Primary School", "enrolment": 291.0, "lga": "Georges River", "icsea": 1023.0, "suburb": "Peakhurst ", "postcode": 2210 }, "geometry": { "type": "Point", "coordinates": [ 151.049429, -33.962021 ] } },
{ "type": "Feature", "properties": { "name": "Sylvania Heights Public School", "level": "Primary School", "enrolment": 482.0, "lga": "Sutherland", "icsea": 1056.0, "suburb": "SYLVANIA", "postcode": 2224 }, "geometry": { "type": "Point", "coordinates": [ 151.097344, -34.012724 ] } },
{ "type": "Feature", "properties": { "name": "Penshurst West Public School", "level": "Primary School", "enrolment": 220.0, "lga": "Georges River", "icsea": 1047.0, "suburb": "Mortdale ", "postcode": 2223 }, "geometry": { "type": "Point", "coordinates": [ 151.072176, -33.962115 ] } },
{ "type": "Feature", "properties": { "name": "Undercliffe Public School", "level": "Primary School", "enrolment": 152.0, "lga": "Canterbury-Bankstown", "icsea": 1092.0, "suburb": "Earlwood", "postcode": 2206 }, "geometry": { "type": "Point", "coordinates": [ 151.138601, -33.924086 ] } },
{ "type": "Feature", "properties": { "name": "Vaucluse Public School", "level": "Primary School", "enrolment": 217.0, "lga": "Woollahra", "icsea": 1145.0, "suburb": "Vaucluse ", "postcode": 2030 }, "geometry": { "type": "Point", "coordinates": [ 151.281166, -33.850478 ] } },
{ "type": "Feature", "properties": { "name": "Matraville Soldiers Settlement Public School", "level": "Primary School", "enrolment": 114.0, "lga": "Randwick", "icsea": 934.0, "suburb": "Matraville ", "postcode": 2036 }, "geometry": { "type": "Point", "coordinates": [ 151.239995, -33.958039 ] } },
{ "type": "Feature", "properties": { "name": "Kirrawee Public School", "level": "Primary School", "enrolment": 326.0, "lga": "Sutherland", "icsea": 1050.0, "suburb": "KIRRAWEE", "postcode": 2232 }, "geometry": { "type": "Point", "coordinates": [ 151.07749, -34.033467 ] } },
{ "type": "Feature", "properties": { "name": "Illawong Public School", "level": "Primary School", "enrolment": 191.0, "lga": "Sutherland", "icsea": 1069.0, "suburb": "Illawong ", "postcode": 2234 }, "geometry": { "type": "Point", "coordinates": [ 151.042689, -33.999133 ] } },
{ "type": "Feature", "properties": { "name": "Bates Drive School", "level": "Schools for Specific Purposes", "enrolment": 62.0, "lga": "Sutherland", "icsea": 1018.0, "suburb": "Kareela ", "postcode": 2232 }, "geometry": { "type": "Point", "coordinates": [ 151.08527, -34.022243 ] } },
{ "type": "Feature", "properties": { "name": "Lilli Pilli Public School", "level": "Primary School", "enrolment": 323.0, "lga": "Sutherland", "icsea": 1113.0, "suburb": "Lilli Pilli ", "postcode": 2229 }, "geometry": { "type": "Point", "coordinates": [ 151.118387, -34.066592 ] } },
{ "type": "Feature", "properties": { "name": "Miranda North Public School", "level": "Primary School", "enrolment": 291.0, "lga": "Sutherland", "icsea": 1046.0, "suburb": "Miranda ", "postcode": 2228 }, "geometry": { "type": "Point", "coordinates": [ 151.11273, -34.031992 ] } },
{ "type": "Feature", "properties": { "name": "Yowie Bay Public School", "level": "Primary School", "enrolment": 329.0, "lga": "Sutherland", "icsea": 1093.0, "suburb": "Yowie Bay ", "postcode": 2228 }, "geometry": { "type": "Point", "coordinates": [ 151.102761, -34.048155 ] } },
{ "type": "Feature", "properties": { "name": "Erskineville Public School", "level": "Primary School", "enrolment": 334.0, "lga": "Sydney", "icsea": 1155.0, "suburb": "Erskineville ", "postcode": 2043 }, "geometry": { "type": "Point", "coordinates": [ 151.186112, -33.900881 ] } },
{ "type": "Feature", "properties": { "name": "Laguna Street Public School", "level": "Primary School", "enrolment": 440.0, "lga": "Sutherland", "icsea": 1084.0, "suburb": "Caringbah ", "postcode": 2229 }, "geometry": { "type": "Point", "coordinates": [ 151.11285, -34.04634 ] } },
{ "type": "Feature", "properties": { "name": "Randwick Public School", "level": "Primary School", "enrolment": 853.0, "lga": "Randwick", "icsea": 1155.0, "suburb": "RANDWICK", "postcode": 2031 }, "geometry": { "type": "Point", "coordinates": [ 151.241714, -33.910645 ] } },
{ "type": "Feature", "properties": { "name": "Burraneer Bay Public School", "level": "Primary School", "enrolment": 573.0, "lga": "Sutherland", "icsea": 1101.0, "suburb": "Cronulla ", "postcode": 2230 }, "geometry": { "type": "Point", "coordinates": [ 151.132781, -34.051026 ] } },
{ "type": "Feature", "properties": { "name": "Engadine West Public School", "level": "Primary School", "enrolment": 541.0, "lga": "Sutherland", "icsea": 1057.0, "suburb": "Engadine ", "postcode": 2233 }, "geometry": { "type": "Point", "coordinates": [ 151.002566, -34.059519 ] } },
{ "type": "Feature", "properties": { "name": "Yarrawarrah Public School", "level": "Primary School", "enrolment": 249.0, "lga": "Sutherland", "icsea": 1081.0, "suburb": "Engadine ", "postcode": 2233 }, "geometry": { "type": "Point", "coordinates": [ 151.026137, -34.056574 ] } },
{ "type": "Feature", "properties": { "name": "Chifley Public School", "level": "Primary School", "enrolment": 227.0, "lga": "Randwick", "icsea": 954.0, "suburb": "Malabar", "postcode": 2036 }, "geometry": { "type": "Point", "coordinates": [ 151.242158, -33.96583 ] } },
{ "type": "Feature", "properties": { "name": "Peakhurst South Public School", "level": "Primary School", "enrolment": 313.0, "lga": "Georges River", "icsea": 1061.0, "suburb": "PEAKHURST HEIGHTS", "postcode": 2210 }, "geometry": { "type": "Point", "coordinates": [ 151.055986, -33.972923 ] } },
{ "type": "Feature", "properties": { "name": "Lewisham Public School", "level": "Primary School", "enrolment": 198.0, "lga": "Inner West", "icsea": 1121.0, "suburb": "LEWISHAM", "postcode": 2049 }, "geometry": { "type": "Point", "coordinates": [ 151.146076, -33.897746 ] } },
{ "type": "Feature", "properties": { "name": "McCallums Hill Public School", "level": "Primary School", "enrolment": 330.0, "lga": "Canterbury-Bankstown", "icsea": 1001.0, "suburb": "Roselands", "postcode": 2196 }, "geometry": { "type": "Point", "coordinates": [ 151.084758, -33.934891 ] } },
{ "type": "Feature", "properties": { "name": "Gymea North Public School", "level": "Primary School", "enrolment": 362.0, "lga": "Sutherland", "icsea": 1075.0, "suburb": "Gymea ", "postcode": 2227 }, "geometry": { "type": "Point", "coordinates": [ 151.088321, -34.026457 ] } },
{ "type": "Feature", "properties": { "name": "Marton Public School", "level": "Primary School", "enrolment": 318.0, "lga": "Sutherland", "icsea": 1063.0, "suburb": "Engadine ", "postcode": 2233 }, "geometry": { "type": "Point", "coordinates": [ 151.024232, -34.046492 ] } },
{ "type": "Feature", "properties": { "name": "Kareela Public School", "level": "Primary School", "enrolment": 272.0, "lga": "Sutherland", "icsea": 1102.0, "suburb": "KAREELA", "postcode": 2232 }, "geometry": { "type": "Point", "coordinates": [ 151.081991, -34.012894 ] } },
{ "type": "Feature", "properties": { "name": "Dulwich Hill Public School", "level": "Primary School", "enrolment": 358.0, "lga": "Inner West", "icsea": 1099.0, "suburb": "Dulwich Hill ", "postcode": 2203 }, "geometry": { "type": "Point", "coordinates": [ 151.140287, -33.906163 ] } },
{ "type": "Feature", "properties": { "name": "Pagewood Public School", "level": "Primary School", "enrolment": 207.0, "lga": "Bayside (NSW)", "icsea": 1085.0, "suburb": "Botany ", "postcode": 2019 }, "geometry": { "type": "Point", "coordinates": [ 151.214172, -33.942104 ] } },
{ "type": "Feature", "properties": { "name": "Grays Point Public School", "level": "Primary School", "enrolment": 353.0, "lga": "Sutherland", "icsea": 1113.0, "suburb": "Grays Point ", "postcode": 2232 }, "geometry": { "type": "Point", "coordinates": [ 151.0723, -34.058656 ] } },
{ "type": "Feature", "properties": { "name": "Crown Street Public School", "level": "Primary School", "enrolment": 288.0, "lga": "Sydney", "icsea": 1114.0, "suburb": "Surry Hills ", "postcode": 2010 }, "geometry": { "type": "Point", "coordinates": [ 151.21522, -33.882253 ] } },
{ "type": "Feature", "properties": { "name": "Tempe Public School", "level": "Primary School", "enrolment": 346.0, "lga": "Inner West", "icsea": 1096.0, "suburb": "Tempe ", "postcode": 2044 }, "geometry": { "type": "Point", "coordinates": [ 151.160994, -33.920935 ] } },
{ "type": "Feature", "properties": { "name": "Marrickville West Public School", "level": "Primary School", "enrolment": 411.0, "lga": "Inner West", "icsea": 1070.0, "suburb": "Marrickville ", "postcode": 2204 }, "geometry": { "type": "Point", "coordinates": [ 151.145073, -33.914468 ] } },
{ "type": "Feature", "properties": { "name": "Marrickville Public School", "level": "Primary School", "enrolment": 213.0, "lga": "Inner West", "icsea": 1090.0, "suburb": "Marrickville ", "postcode": 2204 }, "geometry": { "type": "Point", "coordinates": [ 151.162658, -33.906705 ] } },
{ "type": "Feature", "properties": { "name": "Waverley Public School", "level": "Primary School", "enrolment": 263.0, "lga": "Waverley", "icsea": 1150.0, "suburb": "Waverley ", "postcode": 2024 }, "geometry": { "type": "Point", "coordinates": [ 151.251539, -33.898174 ] } },
{ "type": "Feature", "properties": { "name": "Woolooware Public School", "level": "Primary School", "enrolment": 462.0, "lga": "Sutherland", "icsea": 1086.0, "suburb": "Cronulla ", "postcode": 2230 }, "geometry": { "type": "Point", "coordinates": [ 151.146233, -34.045454 ] } },
{ "type": "Feature", "properties": { "name": "Caringbah North Public School", "level": "Primary School", "enrolment": 538.0, "lga": "Sutherland", "icsea": 1086.0, "suburb": "Caringbah ", "postcode": 2229 }, "geometry": { "type": "Point", "coordinates": [ 151.123079, -34.036574 ] } },
{ "type": "Feature", "properties": { "name": "Heathcote East Public School", "level": "Primary School", "enrolment": 106.0, "lga": "Sutherland", "icsea": 1072.0, "suburb": "Heathcote ", "postcode": 2233 }, "geometry": { "type": "Point", "coordinates": [ 151.020259, -34.082071 ] } },
{ "type": "Feature", "properties": { "name": "Yudi Gunyi School", "level": "Schools for Specific Purposes", "enrolment": 29.0, "lga": "Sydney", "icsea": 890.0, "suburb": "Waterloo ", "postcode": 2017 }, "geometry": { "type": "Point", "coordinates": [ 151.203108, -33.904025 ] } },
{ "type": "Feature", "properties": { "name": "St George School", "level": "Schools for Specific Purposes", "enrolment": 64.0, "lga": "Bayside (NSW)", "icsea": 1055.0, "suburb": "Kogarah ", "postcode": 2217 }, "geometry": { "type": "Point", "coordinates": [ 151.137532, -33.969055 ] } },
{ "type": "Feature", "properties": { "name": "Cook School", "level": "Schools for Specific Purposes", "enrolment": 66.0, "lga": "Sutherland", "icsea": 956.0, "suburb": "Loftus ", "postcode": 2232 }, "geometry": { "type": "Point", "coordinates": [ 151.052545, -34.041709 ] } },
{ "type": "Feature", "properties": { "name": "Cairnsfoot School", "level": "Schools for Specific Purposes", "enrolment": 99.0, "lga": "Bayside (NSW)", "icsea": 1036.0, "suburb": "BRIGHTON-LE-SANDS", "postcode": 2216 }, "geometry": { "type": "Point", "coordinates": [ 151.152168, -33.95457 ] } },
{ "type": "Feature", "properties": { "name": "Woniora Road School", "level": "Schools for Specific Purposes", "enrolment": 46.0, "lga": "Georges River", "icsea": 999.0, "suburb": "Hurstville ", "postcode": 2220 }, "geometry": { "type": "Point", "coordinates": [ 151.103173, -33.971003 ] } },
{ "type": "Feature", "properties": { "name": "Minerva School", "level": "Schools for Specific Purposes", "enrolment": 47.0, "lga": "Sutherland", "icsea": 1039.0, "suburb": "Sutherland ", "postcode": 2232 }, "geometry": { "type": "Point", "coordinates": [ 151.058739, -34.034965 ] } },
{ "type": "Feature", "properties": { "name": "Wairoa School", "level": "Schools for Specific Purposes", "enrolment": 75.0, "lga": "Waverley", "icsea": 1025.0, "suburb": "Bondi Beach ", "postcode": 2026 }, "geometry": { "type": "Point", "coordinates": [ 151.278496, -33.886632 ] } },
{ "type": "Feature", "properties": { "name": "Carinya School", "level": "Schools for Specific Purposes", "enrolment": 55.0, "lga": "Georges River", "icsea": 975.0, "suburb": "Mortdale ", "postcode": 2223 }, "geometry": { "type": "Point", "coordinates": [ 151.082222, -33.973766 ] } },
{ "type": "Feature", "properties": { "name": "Edgeware School", "level": "Schools for Specific Purposes", "enrolment": 31.0, "lga": "Canterbury-Bankstown", "icsea": 851.0, "suburb": "Hurlstone Park ", "postcode": 2193 }, "geometry": { "type": "Point", "coordinates": [ 151.131342, -33.913582 ] } },
{ "type": "Feature", "properties": { "name": "Arncliffe Public School", "level": "Primary School", "enrolment": 373.0, "lga": "Bayside (NSW)", "icsea": 1028.0, "suburb": "Arncliffe ", "postcode": 2205 }, "geometry": { "type": "Point", "coordinates": [ 151.14755, -33.94054 ] } },
{ "type": "Feature", "properties": { "name": "Balmain Public School", "level": "Primary School", "enrolment": 321.0, "lga": "Inner West", "icsea": 1172.0, "suburb": "BALMAIN", "postcode": 2041 }, "geometry": { "type": "Point", "coordinates": [ 151.183417, -33.859166 ] } },
{ "type": "Feature", "properties": { "name": "Kogarah High School", "level": "Secondary School", "enrolment": 787.0, "lga": "Georges River", "icsea": 993.0, "suburb": "Kogarah ", "postcode": 2217 }, "geometry": { "type": "Point", "coordinates": [ 151.134227, -33.961161 ] } },
{ "type": "Feature", "properties": { "name": "Bexley Public School", "level": "Primary School", "enrolment": 249.0, "lga": "Bayside (NSW)", "icsea": 1005.0, "suburb": "Bexley ", "postcode": 2207 }, "geometry": { "type": "Point", "coordinates": [ 151.128861, -33.947687 ] } },
{ "type": "Feature", "properties": { "name": "Loftus Public School", "level": "Primary School", "enrolment": 337.0, "lga": "Sutherland", "icsea": 1079.0, "suburb": "Loftus ", "postcode": 2232 }, "geometry": { "type": "Point", "coordinates": [ 151.048886, -34.046979 ] } },
{ "type": "Feature", "properties": { "name": "Croydon Public School", "level": "Primary School", "enrolment": 576.0, "lga": "Burwood", "icsea": 1119.0, "suburb": "Croydon ", "postcode": 2132 }, "geometry": { "type": "Point", "coordinates": [ 151.114887, -33.879793 ] } },
{ "type": "Feature", "properties": { "name": "Croydon Park Public School", "level": "Primary School", "enrolment": 325.0, "lga": "Burwood", "icsea": 1077.0, "suburb": "Croydon Park", "postcode": 2133 }, "geometry": { "type": "Point", "coordinates": [ 151.108395, -33.894695 ] } },
{ "type": "Feature", "properties": { "name": "Daceyville Public School", "level": "Primary School", "enrolment": 126.0, "lga": "Bayside (NSW)", "icsea": 1029.0, "suburb": "Daceyville ", "postcode": 2032 }, "geometry": { "type": "Point", "coordinates": [ 151.227984, -33.929548 ] } },
{ "type": "Feature", "properties": { "name": "Leichhardt Public School", "level": "Primary School", "enrolment": 532.0, "lga": "Inner West", "icsea": 1122.0, "suburb": "Leichhardt", "postcode": 2040 }, "geometry": { "type": "Point", "coordinates": [ 151.15814, -33.88427 ] } },
{ "type": "Feature", "properties": { "name": "Petersham Public School", "level": "Primary School", "enrolment": 232.0, "lga": "Inner West", "icsea": 1137.0, "suburb": "Petersham ", "postcode": 2049 }, "geometry": { "type": "Point", "coordinates": [ 151.150175, -33.895647 ] } },
{ "type": "Feature", "properties": { "name": "Bonnet Bay Public School", "level": "Primary School", "enrolment": 197.0, "lga": "Sutherland", "icsea": 1090.0, "suburb": "BONNET BAY", "postcode": 2226 }, "geometry": { "type": "Point", "coordinates": [ 151.056257, -34.012607 ] } },
{ "type": "Feature", "properties": { "name": "Eastlakes Public School", "level": "Primary School", "enrolment": 154.0, "lga": "Bayside (NSW)", "icsea": 1046.0, "suburb": "Eastlakes ", "postcode": 2018 }, "geometry": { "type": "Point", "coordinates": [ 151.213836, -33.928065 ] } },
{ "type": "Feature", "properties": { "name": "Bangor Public School", "level": "Primary School", "enrolment": 503.0, "lga": "Sutherland", "icsea": 1077.0, "suburb": "BANGOR", "postcode": 2234 }, "geometry": { "type": "Point", "coordinates": [ 151.029118, -34.019534 ] } },
{ "type": "Feature", "properties": { "name": "Wilkins Public School", "level": "Primary School", "enrolment": 508.0, "lga": "Inner West", "icsea": 1135.0, "suburb": "Marrickville ", "postcode": 2204 }, "geometry": { "type": "Point", "coordinates": [ 151.155086, -33.901967 ] } },
{ "type": "Feature", "properties": { "name": "Plunkett Street Public School", "level": "Primary School", "enrolment": 73.0, "lga": "Sydney", "icsea": 968.0, "suburb": "Woolloomooloo ", "postcode": 2011 }, "geometry": { "type": "Point", "coordinates": [ 151.22024, -33.870879 ] } },
{ "type": "Feature", "properties": { "name": "Tharawal Public School", "level": "Primary School", "enrolment": 328.0, "lga": "Sutherland", "icsea": 1085.0, "suburb": "Menai ", "postcode": 2234 }, "geometry": { "type": "Point", "coordinates": [ 151.025929, -34.003289 ] } },
{ "type": "Feature", "properties": { "name": "Sydney Distance Education Primary School", "level": "Primary School", "enrolment": 124.0, "lga": "Sydney", "icsea": 1094.0, "suburb": "Surry Hills", "postcode": 2010 }, "geometry": { "type": "Point", "coordinates": [ 151.212706, -33.88627 ] } },
{ "type": "Feature", "properties": { "name": "Alfords Point Public School", "level": "Primary School", "enrolment": 165.0, "lga": "Sutherland", "icsea": 1037.0, "suburb": "Alfords Point ", "postcode": 2234 }, "geometry": { "type": "Point", "coordinates": [ 151.02399, -33.992403 ] } },
{ "type": "Feature", "properties": { "name": "Kingsgrove North High School", "level": "Secondary School", "enrolment": 1020.0, "lga": "Canterbury-Bankstown", "icsea": 1002.0, "suburb": "KINGSGROVE", "postcode": 2208 }, "geometry": { "type": "Point", "coordinates": [ 151.097628, -33.93398 ] } },
{ "type": "Feature", "properties": { "name": "Port Hacking High School", "level": "Secondary School", "enrolment": 950.0, "lga": "Sutherland", "icsea": 1050.0, "suburb": "MIRANDA", "postcode": 2228 }, "geometry": { "type": "Point", "coordinates": [ 151.097257, -34.032395 ] } },
{ "type": "Feature", "properties": { "name": "Sydney Distance Education High School", "level": "Secondary School", "enrolment": 560.8, "lga": "Sydney", "icsea": 1032.0, "suburb": "Woolloomooloo ", "postcode": 2011 }, "geometry": { "type": "Point", "coordinates": [ 151.22098, -33.871053 ] } },
{ "type": "Feature", "properties": { "name": "Blakehurst High School", "level": "Secondary School", "enrolment": 1013.0, "lga": "Georges River", "icsea": 1043.0, "suburb": "Blakehurst ", "postcode": 2221 }, "geometry": { "type": "Point", "coordinates": [ 151.11324, -33.980406 ] } },
{ "type": "Feature", "properties": { "name": "Caringbah High School", "level": "Secondary School", "enrolment": 900.4, "lga": "Sutherland", "icsea": 1172.0, "suburb": "Caringbah", "postcode": 2229 }, "geometry": { "type": "Point", "coordinates": [ 151.120399, -34.034901 ] } },
{ "type": "Feature", "properties": { "name": "Heathcote High School", "level": "Secondary School", "enrolment": 632.6, "lga": "Sutherland", "icsea": 1028.0, "suburb": "Heathcote", "postcode": 2233 }, "geometry": { "type": "Point", "coordinates": [ 151.01441, -34.082295 ] } },
{ "type": "Feature", "properties": { "name": "Kingsgrove High School", "level": "Secondary School", "enrolment": 672.0, "lga": "Georges River", "icsea": 986.0, "suburb": "Kingsgrove", "postcode": 2208 }, "geometry": { "type": "Point", "coordinates": [ 151.101653, -33.948519 ] } },
{ "type": "Feature", "properties": { "name": "Matraville Sports High School", "level": "Secondary School", "enrolment": 486.2, "lga": "Randwick", "icsea": 930.0, "suburb": "Chifley ", "postcode": 2036 }, "geometry": { "type": "Point", "coordinates": [ 151.244548, -33.964747 ] } },
{ "type": "Feature", "properties": { "name": "Georges River College, Penshurst Campus", "level": "Secondary School", "enrolment": 488.0, "lga": "Georges River", "icsea": 1038.0, "suburb": "Penshurst ", "postcode": 2222 }, "geometry": { "type": "Point", "coordinates": [ 151.08601, -33.964071 ] } },
{ "type": "Feature", "properties": { "name": "Cronulla High School", "level": "Secondary School", "enrolment": 1205.0, "lga": "Sutherland", "icsea": 1050.0, "suburb": "Cronulla ", "postcode": 2230 }, "geometry": { "type": "Point", "coordinates": [ 151.159056, -34.038439 ] } },
{ "type": "Feature", "properties": { "name": "J J Cahill Memorial High School", "level": "Secondary School", "enrolment": 298.0, "lga": "Bayside (NSW)", "icsea": 987.0, "suburb": "Mascot", "postcode": 2020 }, "geometry": { "type": "Point", "coordinates": [ 151.201835, -33.927435 ] } },
{ "type": "Feature", "properties": { "name": "Lucas Heights Community School", "level": "Central/Community School", "enrolment": 795.4, "lga": "Sutherland", "icsea": 1038.0, "suburb": "Barden Ridge ", "postcode": 2234 }, "geometry": { "type": "Point", "coordinates": [ 151.004817, -34.035778 ] } },
{ "type": "Feature", "properties": { "name": "Central Sydney Intensive English High School", "level": "Secondary School", "enrolment": 142.0, "lga": "Sydney", "icsea": 1037.0, "suburb": "Alexandria", "postcode": 2015 }, "geometry": { "type": "Point", "coordinates": [ 151.19308, -33.900033 ] } },
{ "type": "Feature", "properties": { "name": "Gymea Technology High School", "level": "Secondary School", "enrolment": 552.8, "lga": "Sutherland", "icsea": 1048.0, "suburb": "Gymea", "postcode": 2227 }, "geometry": { "type": "Point", "coordinates": [ 151.08338, -34.029985 ] } },
{ "type": "Feature", "properties": { "name": "Endeavour Sports High School", "level": "Secondary School", "enrolment": 1377.6, "lga": "Sutherland", "icsea": 1040.0, "suburb": "Caringbah ", "postcode": 2229 }, "geometry": { "type": "Point", "coordinates": [ 151.117251, -34.030083 ] } },
{ "type": "Feature", "properties": { "name": "Georges River College, Peakhurst Campus", "level": "Secondary School", "enrolment": 758.0, "lga": "Georges River", "icsea": 1008.0, "suburb": "Peakhurst ", "postcode": 2210 }, "geometry": { "type": "Point", "coordinates": [ 151.056013, -33.966882 ] } },
{ "type": "Feature", "properties": { "name": "Bondi Public School", "level": "Primary School", "enrolment": 464.0, "lga": "Waverley", "icsea": 1139.0, "suburb": "Bondi ", "postcode": 2026 }, "geometry": { "type": "Point", "coordinates": [ 151.264753, -33.892625 ] } },
{ "type": "Feature", "properties": { "name": "Bourke Street Public School", "level": "Primary School", "enrolment": 381.0, "lga": "Sydney", "icsea": 1135.0, "suburb": "Surry Hills ", "postcode": 2010 }, "geometry": { "type": "Point", "coordinates": [ 151.215737, -33.890534 ] } },
{ "type": "Feature", "properties": { "name": "Cammeray Public School", "level": "Primary School", "enrolment": 622.0, "lga": "North Sydney", "icsea": 1168.0, "suburb": "Cammeray ", "postcode": 2062 }, "geometry": { "type": "Point", "coordinates": [ 151.211542, -33.820422 ] } },
{ "type": "Feature", "properties": { "name": "Engadine High School", "level": "Secondary School", "enrolment": 1062.6, "lga": "Sutherland", "icsea": 1051.0, "suburb": "Engadine ", "postcode": 2233 }, "geometry": { "type": "Point", "coordinates": [ 151.019341, -34.062141 ] } },
{ "type": "Feature", "properties": { "name": "Woolooware High School", "level": "Secondary School", "enrolment": 788.0, "lga": "Sutherland", "icsea": 1063.0, "suburb": "Woolooware ", "postcode": 2230 }, "geometry": { "type": "Point", "coordinates": [ 151.145595, -34.039811 ] } },
{ "type": "Feature", "properties": { "name": "Darlinghurst Public School", "level": "Primary School", "enrolment": 210.0, "lga": "Sydney", "icsea": 1156.0, "suburb": "Potts Point ", "postcode": 2011 }, "geometry": { "type": "Point", "coordinates": [ 151.223432, -33.878599 ] } },
{ "type": "Feature", "properties": { "name": "Gardeners Road Public School", "level": "Primary School", "enrolment": 393.0, "lga": "Sydney", "icsea": 1058.0, "suburb": "ROSEBERY", "postcode": 2018 }, "geometry": { "type": "Point", "coordinates": [ 151.198034, -33.920643 ] } },
{ "type": "Feature", "properties": { "name": "Glebe Public School", "level": "Primary School", "enrolment": 193.0, "lga": "Sydney", "icsea": 982.0, "suburb": "Glebe ", "postcode": 2037 }, "geometry": { "type": "Point", "coordinates": [ 151.19097, -33.883685 ] } },
{ "type": "Feature", "properties": { "name": "Maroubra Junction Public School", "level": "Primary School", "enrolment": 484.0, "lga": "Randwick", "icsea": 1128.0, "suburb": "Maroubra ", "postcode": 2035 }, "geometry": { "type": "Point", "coordinates": [ 151.239728899999989, -33.93702706 ] } },
{ "type": "Feature", "properties": { "name": "Newtown Public School", "level": "Primary School", "enrolment": 272.0, "lga": "Sydney", "icsea": 1140.0, "suburb": "Newtown ", "postcode": 2042 }, "geometry": { "type": "Point", "coordinates": [ 151.179405, -33.899991 ] } },
{ "type": "Feature", "properties": { "name": "Paddington Public School", "level": "Primary School", "enrolment": 147.0, "lga": "Sydney", "icsea": 1155.0, "suburb": "Paddington ", "postcode": 2021 }, "geometry": { "type": "Point", "coordinates": [ 151.230188, -33.887603 ] } },
{ "type": "Feature", "properties": { "name": "Rozelle Public School", "level": "Primary School", "enrolment": 507.0, "lga": "Inner West", "icsea": 1162.0, "suburb": "Rozelle ", "postcode": 2039 }, "geometry": { "type": "Point", "coordinates": [ 151.169749, -33.862581 ] } },
{ "type": "Feature", "properties": { "name": "Stanmore Public School", "level": "Primary School", "enrolment": 560.0, "lga": "Inner West", "icsea": 1138.0, "suburb": "Stanmore ", "postcode": 2048 }, "geometry": { "type": "Point", "coordinates": [ 151.165283, -33.895506 ] } },
{ "type": "Feature", "properties": { "name": "Woollahra Public School", "level": "Primary School", "enrolment": 667.0, "lga": "Woollahra", "icsea": 1193.0, "suburb": "WOOLLAHRA", "postcode": 2025 }, "geometry": { "type": "Point", "coordinates": [ 151.24119, -33.886379 ] } },
{ "type": "Feature", "properties": { "name": "Glenorie Public School", "level": "Primary School", "enrolment": 283.0, "lga": "Hornsby", "icsea": 1055.0, "suburb": "Glenorie ", "postcode": 2157 }, "geometry": { "type": "Point", "coordinates": [ 151.008082, -33.599444 ] } },
{ "type": "Feature", "properties": { "name": "Canterbury Boys High School", "level": "Secondary School", "enrolment": 422.0, "lga": "Inner West", "icsea": 1018.0, "suburb": "Canterbury ", "postcode": 2193 }, "geometry": { "type": "Point", "coordinates": [ 151.123884, -33.904178 ] } },
{ "type": "Feature", "properties": { "name": "St George Girls High School", "level": "Secondary School", "enrolment": 907.9, "lga": "Georges River", "icsea": 1148.0, "suburb": "Kogarah ", "postcode": 2217 }, "geometry": { "type": "Point", "coordinates": [ 151.136035, -33.959073 ] } },
{ "type": "Feature", "properties": { "name": "Sydney Boys High School", "level": "Secondary School", "enrolment": 1201.6, "lga": "Sydney", "icsea": 1189.0, "suburb": "MOORE PARK", "postcode": 2021 }, "geometry": { "type": "Point", "coordinates": [ 151.218904, -33.892165 ] } },
{ "type": "Feature", "properties": { "name": "Sydney Girls High School", "level": "Secondary School", "enrolment": 929.0, "lga": "Sydney", "icsea": 1193.0, "suburb": "Surry Hills ", "postcode": 2010 }, "geometry": { "type": "Point", "coordinates": [ 151.220371, -33.894191 ] } },
{ "type": "Feature", "properties": { "name": "Kenthurst Public School", "level": "Primary School", "enrolment": 187.0, "lga": "The Hills", "icsea": 1040.0, "suburb": "KENTHURST", "postcode": 2156 }, "geometry": { "type": "Point", "coordinates": [ 151.004575, -33.665603 ] } },
{ "type": "Feature", "properties": { "name": "Sydney Technical High School", "level": "Secondary School", "enrolment": 905.6, "lga": "Bayside (NSW)", "icsea": 1136.0, "suburb": "Bexley ", "postcode": 2207 }, "geometry": { "type": "Point", "coordinates": [ 151.114342, -33.963075 ] } },
{ "type": "Feature", "properties": { "name": "Conservatorium High School", "level": "Secondary School", "enrolment": 153.0, "lga": "Sydney", "icsea": 1194.0, "suburb": "Sydney", "postcode": 2000 }, "geometry": { "type": "Point", "coordinates": [ 151.21408, -33.863407 ] } },
{ "type": "Feature", "properties": { "name": "Burwood Girls High School", "level": "Secondary School", "enrolment": 1080.4, "lga": "Burwood", "icsea": 1086.0, "suburb": "CROYDON", "postcode": 2132 }, "geometry": { "type": "Point", "coordinates": [ 151.113036, -33.875318 ] } },
{ "type": "Feature", "properties": { "name": "Menai High School", "level": "Secondary School", "enrolment": 1062.0, "lga": "Sutherland", "icsea": 1046.0, "suburb": "Menai ", "postcode": 2234 }, "geometry": { "type": "Point", "coordinates": [ 151.023851, -34.002904 ] } },
{ "type": "Feature", "properties": { "name": "Canterbury Girls High School", "level": "Secondary School", "enrolment": 720.0, "lga": "Canterbury-Bankstown", "icsea": 1059.0, "suburb": "Canterbury ", "postcode": 2193 }, "geometry": { "type": "Point", "coordinates": [ 151.122631, -33.907264 ] } },
{ "type": "Feature", "properties": { "name": "Georges River College, Hurstville Campus", "level": "Secondary School", "enrolment": 267.0, "lga": "Georges River", "icsea": 1017.0, "suburb": "Hurstville ", "postcode": 2220 }, "geometry": { "type": "Point", "coordinates": [ 151.109808, -33.962826 ] } },
{ "type": "Feature", "properties": { "name": "Ashfield Boys High School", "level": "Secondary School", "enrolment": 751.0, "lga": "Inner West", "icsea": 1074.0, "suburb": "Ashfield ", "postcode": 2131 }, "geometry": { "type": "Point", "coordinates": [ 151.129219, -33.889547 ] } },
{ "type": "Feature", "properties": { "name": "Dulwich High School of Visual Arts and Design", "level": "Secondary School", "enrolment": 803.6, "lga": "Inner West", "icsea": 1092.0, "suburb": "Dulwich Hill ", "postcode": 2203 }, "geometry": { "type": "Point", "coordinates": [ 151.144871, -33.904038 ] } },
{ "type": "Feature", "properties": { "name": "The Jannali High School", "level": "Secondary School", "enrolment": 925.0, "lga": "Sutherland", "icsea": 1051.0, "suburb": "Jannali ", "postcode": 2226 }, "geometry": { "type": "Point", "coordinates": [ 151.061927, -34.021612 ] } },
{ "type": "Feature", "properties": { "name": "Arcadia Public School", "level": "Primary School", "enrolment": 60.0, "lga": "Hornsby", "icsea": 1065.0, "suburb": "ARCADIA", "postcode": 2159 }, "geometry": { "type": "Point", "coordinates": [ 151.051031, -33.623487 ] } },
{ "type": "Feature", "properties": { "name": "Artarmon Public School", "level": "Primary School", "enrolment": 1063.0, "lga": "Willoughby", "icsea": 1167.0, "suburb": "Artarmon ", "postcode": 2064 }, "geometry": { "type": "Point", "coordinates": [ 151.186001, -33.811249 ] } },
{ "type": "Feature", "properties": { "name": "Asquith Public School", "level": "Primary School", "enrolment": 384.0, "lga": "Hornsby", "icsea": 1102.0, "suburb": "Asquith", "postcode": 2077 }, "geometry": { "type": "Point", "coordinates": [ 151.112177, -33.685729 ] } },
{ "type": "Feature", "properties": { "name": "Seaforth Public School", "level": "Primary School", "enrolment": 394.0, "lga": "Northern Beaches", "icsea": 1165.0, "suburb": "Seaforth ", "postcode": 2092 }, "geometry": { "type": "Point", "coordinates": [ 151.251235, -33.793262 ] } },
{ "type": "Feature", "properties": { "name": "Beecroft Public School", "level": "Primary School", "enrolment": 837.0, "lga": "Hornsby", "icsea": 1187.0, "suburb": "Beecroft ", "postcode": 2119 }, "geometry": { "type": "Point", "coordinates": [ 151.06462, -33.752085 ] } },
{ "type": "Feature", "properties": { "name": "Berowra Public School", "level": "Primary School", "enrolment": 272.0, "lga": "Hornsby", "icsea": 1085.0, "suburb": "Berowra", "postcode": 2081 }, "geometry": { "type": "Point", "coordinates": [ 151.148996, -33.618522 ] } },
{ "type": "Feature", "properties": { "name": "Boronia Park Public School", "level": "Primary School", "enrolment": 409.0, "lga": "Hunters Hill", "icsea": 1145.0, "suburb": "HUNTERS HILL", "postcode": 2110 }, "geometry": { "type": "Point", "coordinates": [ 151.135558, -33.821414 ] } },
{ "type": "Feature", "properties": { "name": "Brooklyn Public School", "level": "Primary School", "enrolment": 79.0, "lga": "Hornsby", "icsea": 1064.0, "suburb": "Brooklyn ", "postcode": 2083 }, "geometry": { "type": "Point", "coordinates": [ 151.214992, -33.548414 ] } },
{ "type": "Feature", "properties": { "name": "Brookvale Public School", "level": "Primary School", "enrolment": 306.0, "lga": "Northern Beaches", "icsea": 1075.0, "suburb": "Brookvale ", "postcode": 2100 }, "geometry": { "type": "Point", "coordinates": [ 151.270787, -33.761678 ] } },
{ "type": "Feature", "properties": { "name": "Castle Hill Public School", "level": "Primary School", "enrolment": 970.0, "lga": "The Hills", "icsea": 1128.0, "suburb": "Castle Hill ", "postcode": 2154 }, "geometry": { "type": "Point", "coordinates": [ 151.004663, -33.727887 ] } },
{ "type": "Feature", "properties": { "name": "Cowan Public School", "level": "Primary School", "enrolment": 24.0, "lga": "Hornsby", "icsea": 1063.0, "suburb": "Cowan ", "postcode": 2081 }, "geometry": { "type": "Point", "coordinates": [ 151.168843, -33.588808 ] } },
{ "type": "Feature", "properties": { "name": "Kirrawee High School", "level": "Secondary School", "enrolment": 1185.0, "lga": "Sutherland", "icsea": 1092.0, "suburb": "Kirrawee ", "postcode": 2232 }, "geometry": { "type": "Point", "coordinates": [ 151.073475, -34.04348 ] } },
{ "type": "Feature", "properties": { "name": "Dural Public School", "level": "Primary School", "enrolment": 350.0, "lga": "The Hills", "icsea": 1102.0, "suburb": "Dural ", "postcode": 2158 }, "geometry": { "type": "Point", "coordinates": [ 151.026394, -33.686057 ] } },
{ "type": "Feature", "properties": { "name": "Epping Public School", "level": "Primary School", "enrolment": 790.0, "lga": "Parramatta", "icsea": 1147.0, "suburb": "EPPING", "postcode": 2121 }, "geometry": { "type": "Point", "coordinates": [ 151.087878, -33.770727 ] } },
{ "type": "Feature", "properties": { "name": "Epping West Public School", "level": "Primary School", "enrolment": 994.0, "lga": "Parramatta", "icsea": 1131.0, "suburb": "EPPING", "postcode": 2121 }, "geometry": { "type": "Point", "coordinates": [ 151.068048, -33.772789 ] } },
{ "type": "Feature", "properties": { "name": "Sylvania High School", "level": "Secondary School", "enrolment": 750.0, "lga": "Sutherland", "icsea": 1039.0, "suburb": "Sylvania", "postcode": 2224 }, "geometry": { "type": "Point", "coordinates": [ 151.103529, -34.017367 ] } },
{ "type": "Feature", "properties": { "name": "Ermington Public School", "level": "Primary School", "enrolment": 472.0, "lga": "Ryde", "icsea": 1117.0, "suburb": "West Ryde ", "postcode": 2114 }, "geometry": { "type": "Point", "coordinates": [ 151.071574, -33.804749 ] } },
{ "type": "Feature", "properties": { "name": "Frenchs Forest Public School", "level": "Primary School", "enrolment": 218.0, "lga": "Northern Beaches", "icsea": 1123.0, "suburb": "Frenchs Forest ", "postcode": 2086 }, "geometry": { "type": "Point", "coordinates": [ 151.224695, -33.751516 ] } },
{ "type": "Feature", "properties": { "name": "Galston Public School", "level": "Primary School", "enrolment": 147.0, "lga": "Hornsby", "icsea": 1042.0, "suburb": "Galston ", "postcode": 2159 }, "geometry": { "type": "Point", "coordinates": [ 151.04517, -33.648197 ] } },
{ "type": "Feature", "properties": { "name": "Sydney Secondary College Balmain Campus", "level": "Secondary School", "enrolment": 854.0, "lga": "Inner West", "icsea": 1112.0, "suburb": "Rozelle ", "postcode": 2039 }, "geometry": { "type": "Point", "coordinates": [ 151.170052, -33.858506 ] } },
{ "type": "Feature", "properties": { "name": "Fort Street High School", "level": "Secondary School", "enrolment": 916.4, "lga": "Inner West", "icsea": 1176.0, "suburb": "PETERSHAM", "postcode": 2049 }, "geometry": { "type": "Point", "coordinates": [ 151.1529, -33.890196 ] } },
{ "type": "Feature", "properties": { "name": "Tempe High School", "level": "Secondary School", "enrolment": 984.3, "lga": "Inner West", "icsea": 1096.0, "suburb": "Tempe ", "postcode": 2044 }, "geometry": { "type": "Point", "coordinates": [ 151.16094, -33.91975 ] } },
{ "type": "Feature", "properties": { "name": "Sydney Secondary College Leichhardt Campus", "level": "Secondary School", "enrolment": 784.0, "lga": "Inner West", "icsea": 1104.0, "suburb": "Leichhardt ", "postcode": 2040 }, "geometry": { "type": "Point", "coordinates": [ 151.159003, -33.879463 ] } },
{ "type": "Feature", "properties": { "name": "Newtown High School of Performing Arts", "level": "Secondary School", "enrolment": 1144.2, "lga": "Sydney", "icsea": 1127.0, "suburb": "Newtown ", "postcode": 2042 }, "geometry": { "type": "Point", "coordinates": [ 151.178338, -33.899534 ] } },
{ "type": "Feature", "properties": { "name": "Marrickville High School", "level": "Secondary School", "enrolment": 624.2, "lga": "Inner West", "icsea": 1052.0, "suburb": "Marrickville ", "postcode": 2204 }, "geometry": { "type": "Point", "coordinates": [ 151.155995, -33.905781 ] } },
{ "type": "Feature", "properties": { "name": "South Sydney High School", "level": "Secondary School", "enrolment": 793.8, "lga": "Randwick", "icsea": 1037.0, "suburb": "MAROUBRA", "postcode": 2035 }, "geometry": { "type": "Point", "coordinates": [ 151.234397, -33.944154 ] } },
{ "type": "Feature", "properties": { "name": "Rose Bay Secondary College", "level": "Secondary School", "enrolment": 1125.1, "lga": "Waverley", "icsea": 1107.0, "suburb": "Dover Heights", "postcode": 2030 }, "geometry": { "type": "Point", "coordinates": [ 151.276121, -33.878347 ] } },
{ "type": "Feature", "properties": { "name": "Alexandria Park Community School", "level": "Central/Community School", "enrolment": 1311.6, "lga": "Sydney", "icsea": 1052.0, "suburb": "Alexandria ", "postcode": 2015 }, "geometry": { "type": "Point", "coordinates": [ 151.196518, -33.901164 ] } },
{ "type": "Feature", "properties": { "name": "Middle Dural Public School", "level": "Primary School", "enrolment": 31.0, "lga": "Hornsby", "icsea": 1007.0, "suburb": "Middle Dural ", "postcode": 2158 }, "geometry": { "type": "Point", "coordinates": [ 151.023178, -33.64496 ] } },
{ "type": "Feature", "properties": { "name": "Narrabeen North Public School", "level": "Primary School", "enrolment": 580.0, "lga": "Northern Beaches", "icsea": 1076.0, "suburb": "NORTH NARRABEEN", "postcode": 2101 }, "geometry": { "type": "Point", "coordinates": [ 151.298134, -33.699095 ] } },
{ "type": "Feature", "properties": { "name": "Middle Harbour Public School", "level": "Primary School", "enrolment": 423.0, "lga": "Mosman", "icsea": 1162.0, "suburb": "Mosman ", "postcode": 2088 }, "geometry": { "type": "Point", "coordinates": [ 151.2327, -33.82282 ] } },
{ "type": "Feature", "properties": { "name": "Mona Vale Public School", "level": "Primary School", "enrolment": 671.0, "lga": "Northern Beaches", "icsea": 1096.0, "suburb": "Mona Vale ", "postcode": 2103 }, "geometry": { "type": "Point", "coordinates": [ 151.300404, -33.676998 ] } },
{ "type": "Feature", "properties": { "name": "Narrabeen Lakes Public School", "level": "Primary School", "enrolment": 364.0, "lga": "Northern Beaches", "icsea": 1091.0, "suburb": "Narrabeen ", "postcode": 2101 }, "geometry": { "type": "Point", "coordinates": [ 151.297413, -33.720323 ] } },
{ "type": "Feature", "properties": { "name": "Neutral Bay Public School", "level": "Primary School", "enrolment": 641.0, "lga": "North Sydney", "icsea": 1169.0, "suburb": "Neutral Bay ", "postcode": 2089 }, "geometry": { "type": "Point", "coordinates": [ 151.219605, -33.83261 ] } },
{ "type": "Feature", "properties": { "name": "Newport Public School", "level": "Primary School", "enrolment": 556.0, "lga": "Northern Beaches", "icsea": 1093.0, "suburb": "Newport ", "postcode": 2106 }, "geometry": { "type": "Point", "coordinates": [ 151.312237, -33.660561 ] } },
{ "type": "Feature", "properties": { "name": "Normanhurst Public School", "level": "Primary School", "enrolment": 372.0, "lga": "Hornsby", "icsea": 1139.0, "suburb": "Normanhurst ", "postcode": 2076 }, "geometry": { "type": "Point", "coordinates": [ 151.098026, -33.723332 ] } },
{ "type": "Feature", "properties": { "name": "Northbridge Public School", "level": "Primary School", "enrolment": 364.0, "lga": "Willoughby", "icsea": 1181.0, "suburb": "Northbridge ", "postcode": 2063 }, "geometry": { "type": "Point", "coordinates": [ 151.218597, -33.813034 ] } },
{ "type": "Feature", "properties": { "name": "North Rocks Public School", "level": "Primary School", "enrolment": 861.0, "lga": "Parramatta", "icsea": 1137.0, "suburb": "North Rocks", "postcode": 2151 }, "geometry": { "type": "Point", "coordinates": [ 151.025148, -33.768425 ] } },
{ "type": "Feature", "properties": { "name": "Beacon Hill Public School", "level": "Primary School", "enrolment": 459.0, "lga": "Northern Beaches", "icsea": 1099.0, "suburb": "Beacon Hill ", "postcode": 2100 }, "geometry": { "type": "Point", "coordinates": [ 151.260584, -33.75163 ] } },
{ "type": "Feature", "properties": { "name": "North Sydney Public School", "level": "Primary School", "enrolment": 756.0, "lga": "North Sydney", "icsea": 1144.0, "suburb": "Waverton ", "postcode": 2060 }, "geometry": { "type": "Point", "coordinates": [ 151.203685, -33.834819 ] } },
{ "type": "Feature", "properties": { "name": "Pennant Hills Public School", "level": "Primary School", "enrolment": 490.0, "lga": "Hornsby", "icsea": 1143.0, "suburb": "Pennant Hills ", "postcode": 2120 }, "geometry": { "type": "Point", "coordinates": [ 151.068058, -33.7358 ] } },
{ "type": "Feature", "properties": { "name": "West Pennant Hills Public School", "level": "Primary School", "enrolment": 510.0, "lga": "Hornsby", "icsea": 1134.0, "suburb": "West Pennant Hills ", "postcode": 2125 }, "geometry": { "type": "Point", "coordinates": [ 151.050491, -33.746075 ] } },
{ "type": "Feature", "properties": { "name": "Putney Public School", "level": "Primary School", "enrolment": 357.0, "lga": "Ryde", "icsea": 1114.0, "suburb": "Ryde ", "postcode": 2112 }, "geometry": { "type": "Point", "coordinates": [ 151.110973, -33.824562 ] } },
{ "type": "Feature", "properties": { "name": "Roseville Public School", "level": "Primary School", "enrolment": 520.0, "lga": "Ku-ring-gai", "icsea": 1172.0, "suburb": "Roseville ", "postcode": 2069 }, "geometry": { "type": "Point", "coordinates": [ 151.188666, -33.781883 ] } },
{ "type": "Feature", "properties": { "name": "Ryde Public School", "level": "Primary School", "enrolment": 497.0, "lga": "Ryde", "icsea": 1096.0, "suburb": "Ryde", "postcode": 2112 }, "geometry": { "type": "Point", "coordinates": [ 151.108015, -33.812552 ] } },
{ "type": "Feature", "properties": { "name": "North Ryde Public School", "level": "Primary School", "enrolment": 316.0, "lga": "Ryde", "icsea": 1123.0, "suburb": "North Ryde ", "postcode": 2113 }, "geometry": { "type": "Point", "coordinates": [ 151.120042, -33.794766 ] } },
{ "type": "Feature", "properties": { "name": "West Ryde Public School", "level": "Primary School", "enrolment": 512.0, "lga": "Ryde", "icsea": 1117.0, "suburb": "West Ryde ", "postcode": 2114 }, "geometry": { "type": "Point", "coordinates": [ 151.085097, -33.808363 ] } },
{ "type": "Feature", "properties": { "name": "Dee Why Public School", "level": "Primary School", "enrolment": 478.0, "lga": "Northern Beaches", "icsea": 1028.0, "suburb": "Dee Why ", "postcode": 2099 }, "geometry": { "type": "Point", "coordinates": [ 151.285209, -33.749025 ] } },
{ "type": "Feature", "properties": { "name": "Terrey Hills Public School", "level": "Primary School", "enrolment": 183.0, "lga": "Northern Beaches", "icsea": 1100.0, "suburb": "Terrey Hills ", "postcode": 2084 }, "geometry": { "type": "Point", "coordinates": [ 151.222619, -33.685723 ] } },
{ "type": "Feature", "properties": { "name": "Turramurra North Public School", "level": "Primary School", "enrolment": 196.0, "lga": "Ku-ring-gai", "icsea": 1170.0, "suburb": "North Turramurra ", "postcode": 2074 }, "geometry": { "type": "Point", "coordinates": [ 151.147816, -33.714724 ] } },
{ "type": "Feature", "properties": { "name": "Waitara Public School", "level": "Primary School", "enrolment": 972.0, "lga": "Hornsby", "icsea": 1148.0, "suburb": "WAHROONGA", "postcode": 2076 }, "geometry": { "type": "Point", "coordinates": [ 151.111586, -33.708119 ] } },
{ "type": "Feature", "properties": { "name": "Warrawee Public School", "level": "Primary School", "enrolment": 622.0, "lga": "Ku-ring-gai", "icsea": 1170.0, "suburb": "Turramurra", "postcode": 2074 }, "geometry": { "type": "Point", "coordinates": [ 151.121236, -33.729484 ] } },
{ "type": "Feature", "properties": { "name": "Annangrove Public School", "level": "Primary School", "enrolment": 142.0, "lga": "The Hills", "icsea": 1096.0, "suburb": "Annangrove ", "postcode": 2156 }, "geometry": { "type": "Point", "coordinates": [ 150.95255, -33.667417 ] } },
{ "type": "Feature", "properties": { "name": "Wheeler Heights Public School", "level": "Primary School", "enrolment": 430.0, "lga": "Northern Beaches", "icsea": 1086.0, "suburb": "Collaroy Plateau ", "postcode": 2097 }, "geometry": { "type": "Point", "coordinates": [ 151.284764, -33.72779 ] } },
{ "type": "Feature", "properties": { "name": "Balgowlah Heights Public School", "level": "Primary School", "enrolment": 651.0, "lga": "Northern Beaches", "icsea": 1177.0, "suburb": "Balgowlah ", "postcode": 2093 }, "geometry": { "type": "Point", "coordinates": [ 151.258754, -33.805985 ] } },
{ "type": "Feature", "properties": { "name": "Gladesville Public School", "level": "Primary School", "enrolment": 305.0, "lga": "Ryde", "icsea": 1129.0, "suburb": "Gladesville ", "postcode": 2111 }, "geometry": { "type": "Point", "coordinates": [ 151.125699, -33.832977 ] } },
{ "type": "Feature", "properties": { "name": "Glenhaven Public School", "level": "Primary School", "enrolment": 240.0, "lga": "The Hills", "icsea": 1108.0, "suburb": "Glenhaven ", "postcode": 2156 }, "geometry": { "type": "Point", "coordinates": [ 151.002882, -33.700792 ] } },
{ "type": "Feature", "properties": { "name": "Greenwich Public School", "level": "Primary School", "enrolment": 367.0, "lga": "Lane Cove", "icsea": 1175.0, "suburb": "Greenwich", "postcode": 2065 }, "geometry": { "type": "Point", "coordinates": [ 151.183252, -33.82587 ] } },
{ "type": "Feature", "properties": { "name": "Harbord Public School", "level": "Primary School", "enrolment": 881.0, "lga": "Northern Beaches", "icsea": 1137.0, "suburb": "Freshwater", "postcode": 2096 }, "geometry": { "type": "Point", "coordinates": [ 151.286531, -33.772164 ] } },
{ "type": "Feature", "properties": { "name": "Hillside Public School", "level": "Primary School", "enrolment": 25.0, "lga": "The Hills", "icsea": 1041.0, "suburb": "Glenorie ", "postcode": 2157 }, "geometry": { "type": "Point", "coordinates": [ 150.976151, -33.601784 ] } },
{ "type": "Feature", "properties": { "name": "Hunters Hill Public School", "level": "Primary School", "enrolment": 228.0, "lga": "Hunters Hill", "icsea": 1149.0, "suburb": "Hunters Hill ", "postcode": 2110 }, "geometry": { "type": "Point", "coordinates": [ 151.151254, -33.835121 ] } },
{ "type": "Feature", "properties": { "name": "Lane Cove Public School", "level": "Primary School", "enrolment": 688.0, "lga": "Lane Cove", "icsea": 1178.0, "suburb": "Lane Cove ", "postcode": 2066 }, "geometry": { "type": "Point", "coordinates": [ 151.169134, -33.816514 ] } },
{ "type": "Feature", "properties": { "name": "Lindfield Public School", "level": "Primary School", "enrolment": 584.0, "lga": "Ku-ring-gai", "icsea": 1162.0, "suburb": "LINDFIELD", "postcode": 2070 }, "geometry": { "type": "Point", "coordinates": [ 151.168917, -33.78075 ] } },
{ "type": "Feature", "properties": { "name": "Lindfield East Public School", "level": "Primary School", "enrolment": 531.0, "lga": "Ku-ring-gai", "icsea": 1167.0, "suburb": "EAST LINDFIELD", "postcode": 2070 }, "geometry": { "type": "Point", "coordinates": [ 151.18429, -33.767479 ] } },
{ "type": "Feature", "properties": { "name": "Manly West Public School", "level": "Primary School", "enrolment": 761.0, "lga": "Northern Beaches", "icsea": 1147.0, "suburb": "Balgowlah ", "postcode": 2093 }, "geometry": { "type": "Point", "coordinates": [ 151.268753, -33.791875 ] } },
{ "type": "Feature", "properties": { "name": "Lane Cove West Public School", "level": "Primary School", "enrolment": 474.0, "lga": "Lane Cove", "icsea": 1163.0, "suburb": "Lane Cove", "postcode": 2066 }, "geometry": { "type": "Point", "coordinates": [ 151.152003, -33.809886 ] } },
{ "type": "Feature", "properties": { "name": "Killarney Heights Public School", "level": "Primary School", "enrolment": 661.0, "lga": "Northern Beaches", "icsea": 1150.0, "suburb": "KILLARNEY HEIGHTS", "postcode": 2087 }, "geometry": { "type": "Point", "coordinates": [ 151.216151, -33.774942 ] } },
{ "type": "Feature", "properties": { "name": "Killara Public School", "level": "Primary School", "enrolment": 273.0, "lga": "Ku-ring-gai", "icsea": 1148.0, "suburb": "Killara ", "postcode": 2071 }, "geometry": { "type": "Point", "coordinates": [ 151.148436, -33.765473 ] } },
{ "type": "Feature", "properties": { "name": "Castle Cove Public School", "level": "Primary School", "enrolment": 273.0, "lga": "Willoughby", "icsea": 1167.0, "suburb": "Castle Cove ", "postcode": 2069 }, "geometry": { "type": "Point", "coordinates": [ 151.201973, -33.783375 ] } },
{ "type": "Feature", "properties": { "name": "Curl Curl North Public School", "level": "Primary School", "enrolment": 699.0, "lga": "Northern Beaches", "icsea": 1116.0, "suburb": "North Curl Curl ", "postcode": 2099 }, "geometry": { "type": "Point", "coordinates": [ 151.289314, -33.764639 ] } },
{ "type": "Feature", "properties": { "name": "Gordon West Public School", "level": "Primary School", "enrolment": 424.0, "lga": "Ku-ring-gai", "icsea": 1150.0, "suburb": "Pymble", "postcode": 2073 }, "geometry": { "type": "Point", "coordinates": [ 151.139223, -33.760318 ] } },
{ "type": "Feature", "properties": { "name": "Manly Village Public School", "level": "Primary School", "enrolment": 532.0, "lga": "Northern Beaches", "icsea": 1151.0, "suburb": "Manly", "postcode": 2095 }, "geometry": { "type": "Point", "coordinates": [ 151.287627, -33.7994 ] } },
{ "type": "Feature", "properties": { "name": "John Purchase Public School", "level": "Primary School", "enrolment": 550.0, "lga": "Hornsby", "icsea": 1168.0, "suburb": "Cherrybrook ", "postcode": 2126 }, "geometry": { "type": "Point", "coordinates": [ 151.038895, -33.718798 ] } },
{ "type": "Feature", "properties": { "name": "Beaumont Road Public School", "level": "Primary School", "enrolment": 310.0, "lga": "Ku-ring-gai", "icsea": 1164.0, "suburb": "Killara ", "postcode": 2071 }, "geometry": { "type": "Point", "coordinates": [ 151.146271, -33.774289 ] } },
{ "type": "Feature", "properties": { "name": "Collaroy Plateau Public School", "level": "Primary School", "enrolment": 452.0, "lga": "Northern Beaches", "icsea": 1109.0, "suburb": "Collaroy Plateau ", "postcode": 2097 }, "geometry": { "type": "Point", "coordinates": [ 151.29344, -33.73297 ] } },
{ "type": "Feature", "properties": { "name": "Hornsby South Public School", "level": "Primary School", "enrolment": 534.0, "lga": "Hornsby", "icsea": 1110.0, "suburb": "Hornsby ", "postcode": 2077 }, "geometry": { "type": "Point", "coordinates": [ 151.095148, -33.713499 ] } },
{ "type": "Feature", "properties": { "name": "Balgowlah North Public School", "level": "Primary School", "enrolment": 381.0, "lga": "Northern Beaches", "icsea": 1169.0, "suburb": "North Balgowlah", "postcode": 2093 }, "geometry": { "type": "Point", "coordinates": [ 151.246457, -33.783267 ] } },
{ "type": "Feature", "properties": { "name": "Gordon East Public School", "level": "Primary School", "enrolment": 195.0, "lga": "Ku-ring-gai", "icsea": 1163.0, "suburb": "Gordon ", "postcode": 2072 }, "geometry": { "type": "Point", "coordinates": [ 151.156203, -33.74582 ] } },
{ "type": "Feature", "properties": { "name": "Mowbray Public School", "level": "Primary School", "enrolment": 714.0, "lga": "Willoughby", "icsea": 1143.0, "suburb": "Lane Cove", "postcode": 2066 }, "geometry": { "type": "Point", "coordinates": [ 151.155895, -33.803943 ] } },
{ "type": "Feature", "properties": { "name": "Forestville Public School", "level": "Primary School", "enrolment": 462.0, "lga": "Northern Beaches", "icsea": 1141.0, "suburb": "Forestville ", "postcode": 2087 }, "geometry": { "type": "Point", "coordinates": [ 151.212803, -33.761582 ] } },
{ "type": "Feature", "properties": { "name": "Manly Vale Public School", "level": "Primary School", "enrolment": 553.0, "lga": "Northern Beaches", "icsea": 1129.0, "suburb": "Manly Vale ", "postcode": 2093 }, "geometry": { "type": "Point", "coordinates": [ 151.25976, -33.783497 ] } },
{ "type": "Feature", "properties": { "name": "Epping Heights Public School", "level": "Primary School", "enrolment": 396.0, "lga": "Parramatta", "icsea": 1152.0, "suburb": "Epping ", "postcode": 2121 }, "geometry": { "type": "Point", "coordinates": [ 151.07408, -33.762695 ] } },
{ "type": "Feature", "properties": { "name": "Eastwood Heights Public School", "level": "Primary School", "enrolment": 416.0, "lga": "Ryde", "icsea": 1119.0, "suburb": "Eastwood", "postcode": 2122 }, "geometry": { "type": "Point", "coordinates": [ 151.095463, -33.781914 ] } },
{ "type": "Feature", "properties": { "name": "Karonga School", "level": "Schools for Specific Purposes", "enrolment": 89.0, "lga": "Parramatta", "icsea": 1030.0, "suburb": "Epping ", "postcode": 2121 }, "geometry": { "type": "Point", "coordinates": [ 151.06064, -33.770806 ] } },
{ "type": "Feature", "properties": { "name": "Sir Eric Woodward Memorial School", "level": "Schools for Specific Purposes", "enrolment": 75.0, "lga": "Ku-ring-gai", "icsea": 983.0, "suburb": "St Ives ", "postcode": 2075 }, "geometry": { "type": "Point", "coordinates": [ 151.179755, -33.719579 ] } },
{ "type": "Feature", "properties": { "name": "Mount Kuring-gai Public School", "level": "Primary School", "enrolment": 132.0, "lga": "Hornsby", "icsea": 1083.0, "suburb": "Mount Kuring-gai ", "postcode": 2080 }, "geometry": { "type": "Point", "coordinates": [ 151.135604, -33.657474 ] } },
{ "type": "Feature", "properties": { "name": "Eastwood Public School", "level": "Primary School", "enrolment": 701.0, "lga": "Ryde", "icsea": 1108.0, "suburb": "Eastwood ", "postcode": 2122 }, "geometry": { "type": "Point", "coordinates": [ 151.078474, -33.792743 ] } },
{ "type": "Feature", "properties": { "name": "Kent Road Public School", "level": "Primary School", "enrolment": 1007.0, "lga": "Ryde", "icsea": 1133.0, "suburb": "Marsfield", "postcode": 2122 }, "geometry": { "type": "Point", "coordinates": [ 151.108936, -33.787415 ] } },
{ "type": "Feature", "properties": { "name": "Truscott Street Public School", "level": "Primary School", "enrolment": 265.0, "lga": "Ryde", "icsea": 1144.0, "suburb": "North Ryde ", "postcode": 2113 }, "geometry": { "type": "Point", "coordinates": [ 151.130918, -33.794097 ] } },
{ "type": "Feature", "properties": { "name": "Epping North Public School", "level": "Primary School", "enrolment": 382.0, "lga": "Hornsby", "icsea": 1174.0, "suburb": "North Epping ", "postcode": 2121 }, "geometry": { "type": "Point", "coordinates": [ 151.095425, -33.757643 ] } },
{ "type": "Feature", "properties": { "name": "Elanora Heights Public School", "level": "Primary School", "enrolment": 387.0, "lga": "Northern Beaches", "icsea": 1087.0, "suburb": "Elanora Heights ", "postcode": 2101 }, "geometry": { "type": "Point", "coordinates": [ 151.284751, -33.703672 ] } },
{ "type": "Feature", "properties": { "name": "Allambie Heights Public School", "level": "Primary School", "enrolment": 406.0, "lga": "Northern Beaches", "icsea": 1138.0, "suburb": "ALLAMBIE HEIGHTS", "postcode": 2100 }, "geometry": { "type": "Point", "coordinates": [ 151.249208, -33.76615 ] } },
{ "type": "Feature", "properties": { "name": "Cromer Public School", "level": "Primary School", "enrolment": 468.0, "lga": "Northern Beaches", "icsea": 1091.0, "suburb": "Cromer ", "postcode": 2099 }, "geometry": { "type": "Point", "coordinates": [ 151.274661, -33.738009 ] } },
{ "type": "Feature", "properties": { "name": "Willoughby Public School", "level": "Primary School", "enrolment": 905.0, "lga": "Willoughby", "icsea": 1143.0, "suburb": "WILLOUGHBY", "postcode": 2068 }, "geometry": { "type": "Point", "coordinates": [ 151.200123, -33.802197 ] } },
{ "type": "Feature", "properties": { "name": "Ryde East Public School", "level": "Primary School", "enrolment": 347.0, "lga": "Ryde", "icsea": 1115.0, "suburb": "North Ryde ", "postcode": 2113 }, "geometry": { "type": "Point", "coordinates": [ 151.125864, -33.807139 ] } },
{ "type": "Feature", "properties": { "name": "Asquith High School", "level": "Secondary School", "enrolment": 668.2, "lga": "Hornsby", "icsea": 1082.0, "suburb": "Asquith ", "postcode": 2077 }, "geometry": { "type": "Point", "coordinates": [ 151.11275, -33.689716 ] } },
{ "type": "Feature", "properties": { "name": "Hornsby Heights Public School", "level": "Primary School", "enrolment": 420.0, "lga": "Hornsby", "icsea": 1104.0, "suburb": "Hornsby ", "postcode": 2077 }, "geometry": { "type": "Point", "coordinates": [ 151.097989, -33.670114 ] } },
{ "type": "Feature", "properties": { "name": "Belrose Public School", "level": "Primary School", "enrolment": 186.0, "lga": "Northern Beaches", "icsea": 1111.0, "suburb": "Belrose ", "postcode": 2085 }, "geometry": { "type": "Point", "coordinates": [ 151.216645, -33.727235 ] } },
{ "type": "Feature", "properties": { "name": "Normanhurst West Public School", "level": "Primary School", "enrolment": 363.0, "lga": "Hornsby", "icsea": 1136.0, "suburb": "Thornleigh ", "postcode": 2120 }, "geometry": { "type": "Point", "coordinates": [ 151.088436, -33.721061 ] } },
{ "type": "Feature", "properties": { "name": "Hornsby High School", "level": "Secondary School", "enrolment": 541.8, "lga": "Hornsby", "icsea": 1045.0, "suburb": null, "postcode": 2077 }, "geometry": { "type": "Point", "coordinates": [ 151.103016, -33.692276 ] } },
{ "type": "Feature", "properties": { "name": "Pymble Public School", "level": "Primary School", "enrolment": 519.0, "lga": "Ku-ring-gai", "icsea": 1176.0, "suburb": "Pymble", "postcode": 2073 }, "geometry": { "type": "Point", "coordinates": [ 151.141089, -33.732269 ] } },
{ "type": "Feature", "properties": { "name": "Thornleigh West Public School", "level": "Primary School", "enrolment": 477.0, "lga": "Hornsby", "icsea": 1142.0, "suburb": "Thornleigh ", "postcode": 2120 }, "geometry": { "type": "Point", "coordinates": [ 151.072163, -33.723864 ] } },
{ "type": "Feature", "properties": { "name": "Avalon Public School", "level": "Primary School", "enrolment": 666.0, "lga": "Northern Beaches", "icsea": 1094.0, "suburb": "Avalon Beach", "postcode": 2107 }, "geometry": { "type": "Point", "coordinates": [ 151.326739, -33.639377 ] } },
{ "type": "Feature", "properties": { "name": "Narraweena Public School", "level": "Primary School", "enrolment": 511.0, "lga": "Northern Beaches", "icsea": 1059.0, "suburb": "NARRAWEENA", "postcode": 2099 }, "geometry": { "type": "Point", "coordinates": [ 151.273639, -33.7492 ] } },
{ "type": "Feature", "properties": { "name": "Wahroonga Public School", "level": "Primary School", "enrolment": 508.0, "lga": "Ku-ring-gai", "icsea": 1156.0, "suburb": "Wahroonga ", "postcode": 2076 }, "geometry": { "type": "Point", "coordinates": [ 151.128476, -33.715583 ] } },
{ "type": "Feature", "properties": { "name": "Melrose Park Public School", "level": "Primary School", "enrolment": 163.0, "lga": "Parramatta", "icsea": 1087.0, "suburb": "West Ryde ", "postcode": 2114 }, "geometry": { "type": "Point", "coordinates": [ 151.071939, -33.814849 ] } },
{ "type": "Feature", "properties": { "name": "Turramurra Public School", "level": "Primary School", "enrolment": 531.0, "lga": "Ku-ring-gai", "icsea": 1181.0, "suburb": "Turramurra ", "postcode": 2074 }, "geometry": { "type": "Point", "coordinates": [ 151.114305, -33.745258 ] } },
{ "type": "Feature", "properties": { "name": "Denistone East Public School", "level": "Primary School", "enrolment": 790.0, "lga": "Ryde", "icsea": 1127.0, "suburb": "Eastwood ", "postcode": 2122 }, "geometry": { "type": "Point", "coordinates": [ 151.096571, -33.7943 ] } },
{ "type": "Feature", "properties": { "name": "Meadowbank Public School", "level": "Primary School", "enrolment": 642.0, "lga": "Ryde", "icsea": 1095.0, "suburb": "MEADOWBANK", "postcode": 2114 }, "geometry": { "type": "Point", "coordinates": [ 151.0921, -33.8129 ] } },
{ "type": "Feature", "properties": { "name": "Mount Colah Public School", "level": "Primary School", "enrolment": 442.0, "lga": "Hornsby", "icsea": 1098.0, "suburb": "Mount Colah ", "postcode": 2079 }, "geometry": { "type": "Point", "coordinates": [ 151.115695, -33.672947 ] } },
{ "type": "Feature", "properties": { "name": "St Ives Park Public School", "level": "Primary School", "enrolment": 143.0, "lga": "Ku-ring-gai", "icsea": 1113.0, "suburb": "St Ives ", "postcode": 2075 }, "geometry": { "type": "Point", "coordinates": [ 151.178775, -33.724082 ] } },
{ "type": "Feature", "properties": { "name": "Murray Farm Public School", "level": "Primary School", "enrolment": 787.0, "lga": "Parramatta", "icsea": 1142.0, "suburb": "Carlingford ", "postcode": 2118 }, "geometry": { "type": "Point", "coordinates": [ 151.040173, -33.766119 ] } },
{ "type": "Feature", "properties": { "name": "Mimosa Public School", "level": "Primary School", "enrolment": 562.0, "lga": "Northern Beaches", "icsea": 1119.0, "suburb": "Frenchs Forest ", "postcode": 2086 }, "geometry": { "type": "Point", "coordinates": [ 151.205909, -33.743343 ] } },
{ "type": "Feature", "properties": { "name": "Wideview Public School", "level": "Primary School", "enrolment": 321.0, "lga": "Hornsby", "icsea": 1102.0, "suburb": "Berowra Heights", "postcode": 2082 }, "geometry": { "type": "Point", "coordinates": [ 151.14151, -33.608499 ] } },
{ "type": "Feature", "properties": { "name": "Cherrybrook Public School", "level": "Primary School", "enrolment": 886.0, "lga": "Hornsby", "icsea": 1164.0, "suburb": "Cherrybrook ", "postcode": 2126 }, "geometry": { "type": "Point", "coordinates": [ 151.042056, -33.731277 ] } },
{ "type": "Feature", "properties": { "name": "Samuel Gilbert Public School", "level": "Primary School", "enrolment": 643.0, "lga": "The Hills", "icsea": 1128.0, "suburb": "Castle Hill ", "postcode": 2154 }, "geometry": { "type": "Point", "coordinates": [ 150.992027, -33.713106 ] } },
{ "type": "Feature", "properties": { "name": "Oakhill Drive Public School", "level": "Primary School", "enrolment": 756.0, "lga": "Hornsby", "icsea": 1152.0, "suburb": "Castle Hill ", "postcode": 2154 }, "geometry": { "type": "Point", "coordinates": [ 151.022997, -33.721563 ] } },
{ "type": "Feature", "properties": { "name": "Beauty Point Public School", "level": "Primary School", "enrolment": 205.0, "lga": "Mosman", "icsea": 1154.0, "suburb": "Mosman ", "postcode": 2088 }, "geometry": { "type": "Point", "coordinates": [ 151.241883, -33.812008 ] } },
{ "type": "Feature", "properties": { "name": "Northern Beaches Secondary College Manly Campus", "level": "Secondary School", "enrolment": 764.9, "lga": "Northern Beaches", "icsea": 1217.0, "suburb": "North Curl Curl ", "postcode": 2099 }, "geometry": { "type": "Point", "coordinates": [ 151.281355, -33.762388 ] } },
{ "type": "Feature", "properties": { "name": "Fisher Road School", "level": "Schools for Specific Purposes", "enrolment": 62.0, "lga": "Northern Beaches", "icsea": 1050.0, "suburb": "Dee Why ", "postcode": 2099 }, "geometry": { "type": "Point", "coordinates": [ 151.287466, -33.746131 ] } },
{ "type": "Feature", "properties": { "name": "Cromehurst School", "level": "Schools for Specific Purposes", "enrolment": 60.0, "lga": "Ku-ring-gai", "icsea": 1098.0, "suburb": "Lindfield ", "postcode": 2070 }, "geometry": { "type": "Point", "coordinates": [ 151.172207, -33.773952 ] } },
{ "type": "Feature", "properties": { "name": "Northern Beaches Secondary College Balgowlah Boys Campus", "level": "Secondary School", "enrolment": 1099.4, "lga": "Northern Beaches", "icsea": 1115.0, "suburb": "Balgowlah ", "postcode": 2093 }, "geometry": { "type": "Point", "coordinates": [ 151.254607, -33.796405 ] } },
{ "type": "Feature", "properties": { "name": "Naremburn School", "level": "Schools for Specific Purposes", "enrolment": 30.0, "lga": "Willoughby", "icsea": 1075.0, "suburb": "Naremburn ", "postcode": 2065 }, "geometry": { "type": "Point", "coordinates": [ 151.200343, -33.819372 ] } },
{ "type": "Feature", "properties": { "name": "Appin Public School", "level": "Primary School", "enrolment": 337.0, "lga": "Wollondilly", "icsea": 989.0, "suburb": "APPIN", "postcode": 2560 }, "geometry": { "type": "Point", "coordinates": [ 150.78766, -34.198417 ] } },
{ "type": "Feature", "properties": { "name": "The Beach School", "level": "Schools for Specific Purposes", "enrolment": 35.0, "lga": "Northern Beaches", "icsea": 1039.0, "suburb": "Allambie ", "postcode": 2100 }, "geometry": { "type": "Point", "coordinates": [ 151.262488, -33.772011 ] } },
{ "type": "Feature", "properties": { "name": "Clarke Road School", "level": "Schools for Specific Purposes", "enrolment": 61.0, "lga": "Hornsby", "icsea": 1063.0, "suburb": "Hornsby", "postcode": 2077 }, "geometry": { "type": "Point", "coordinates": [ 151.095647, -33.712072 ] } },
{ "type": "Feature", "properties": { "name": "Arranounbai School", "level": "Schools for Specific Purposes", "enrolment": 34.0, "lga": "Northern Beaches", "icsea": 1073.0, "suburb": "Frenchs Forest ", "postcode": 2086 }, "geometry": { "type": "Point", "coordinates": [ 151.241291, -33.756784 ] } },
{ "type": "Feature", "properties": { "name": "Greenacre Public School", "level": "Primary School", "enrolment": 611.0, "lga": "Canterbury-Bankstown", "icsea": 938.0, "suburb": "Greenacre", "postcode": 2190 }, "geometry": { "type": "Point", "coordinates": [ 151.057581, -33.911161 ] } },
{ "type": "Feature", "properties": { "name": "Chatswood Public School", "level": "Primary School", "enrolment": 1083.0, "lga": "Willoughby", "icsea": 1143.0, "suburb": "Chatswood ", "postcode": 2067 }, "geometry": { "type": "Point", "coordinates": [ 151.17759, -33.798242 ] } },
{ "type": "Feature", "properties": { "name": "Bargo Public School", "level": "Primary School", "enrolment": 268.0, "lga": "Wollondilly", "icsea": 945.0, "suburb": "Bargo ", "postcode": 2574 }, "geometry": { "type": "Point", "coordinates": [ 150.58274, -34.292889 ] } },
{ "type": "Feature", "properties": { "name": "Mosman Public School", "level": "Primary School", "enrolment": 458.0, "lga": "Mosman", "icsea": 1157.0, "suburb": "Mosman ", "postcode": 2088 }, "geometry": { "type": "Point", "coordinates": [ 151.241198, -33.828052 ] } },
{ "type": "Feature", "properties": { "name": "North Sydney Boys High School", "level": "Secondary School", "enrolment": 933.0, "lga": "North Sydney", "icsea": 1195.0, "suburb": "North Sydney", "postcode": 2060 }, "geometry": { "type": "Point", "coordinates": [ 151.207734, -33.829336 ] } },
{ "type": "Feature", "properties": { "name": "North Sydney Girls High School", "level": "Secondary School", "enrolment": 911.3, "lga": "North Sydney", "icsea": 1203.0, "suburb": "Crows Nest ", "postcode": 2065 }, "geometry": { "type": "Point", "coordinates": [ 151.203447, -33.830244 ] } },
{ "type": "Feature", "properties": { "name": "Willoughby Girls High School", "level": "Secondary School", "enrolment": 1035.2, "lga": "Willoughby", "icsea": 1152.0, "suburb": "Willoughby ", "postcode": 2068 }, "geometry": { "type": "Point", "coordinates": [ 151.199957, -33.803128 ] } },
{ "type": "Feature", "properties": { "name": "Hunters Hill High School", "level": "Secondary School", "enrolment": 789.4, "lga": "Hunters Hill", "icsea": 1104.0, "suburb": "Hunters Hill ", "postcode": 2110 }, "geometry": { "type": "Point", "coordinates": [ 151.148509, -33.832696 ] } },
{ "type": "Feature", "properties": { "name": "Bossley Park Public School", "level": "Primary School", "enrolment": 265.0, "lga": "Fairfield", "icsea": 934.0, "suburb": "Bossley Park ", "postcode": 2176 }, "geometry": { "type": "Point", "coordinates": [ 150.883076, -33.858524 ] } },
{ "type": "Feature", "properties": { "name": "Bringelly Public School", "level": "Primary School", "enrolment": 114.0, "lga": "Liverpool", "icsea": 929.0, "suburb": "BRINGELLY", "postcode": 2556 }, "geometry": { "type": "Point", "coordinates": [ 150.730266, -33.93791 ] } },
{ "type": "Feature", "properties": { "name": "Cheltenham Girls High School", "level": "Secondary School", "enrolment": 1432.4, "lga": "Hornsby", "icsea": 1142.0, "suburb": "Beecroft ", "postcode": 2119 }, "geometry": { "type": "Point", "coordinates": [ 151.074096, -33.75627 ] } },
{ "type": "Feature", "properties": { "name": "Normanhurst Boys High School", "level": "Secondary School", "enrolment": 752.0, "lga": "Hornsby", "icsea": 1207.0, "suburb": "Normanhurst", "postcode": 2076 }, "geometry": { "type": "Point", "coordinates": [ 151.101466, -33.721475 ] } },
{ "type": "Feature", "properties": { "name": "Marsden High School", "level": "Secondary School", "enrolment": 1295.1, "lga": "Ryde", "icsea": 1050.0, "suburb": "MEADOWBANK", "postcode": 2114 }, "geometry": { "type": "Point", "coordinates": [ 151.092237, -33.812981 ] } },
{ "type": "Feature", "properties": { "name": "Chatswood High School", "level": "Secondary School", "enrolment": 2145.8, "lga": "Willoughby", "icsea": 1137.0, "suburb": "CHATSWOOD", "postcode": 2067 }, "geometry": { "type": "Point", "coordinates": [ 151.175324, -33.800013 ] } },
{ "type": "Feature", "properties": { "name": "Riverside Girls High School", "level": "Secondary School", "enrolment": 660.1, "lga": "Hunters Hill", "icsea": 1114.0, "suburb": "Gladesville", "postcode": 2111 }, "geometry": { "type": "Point", "coordinates": [ 151.141467, -33.840079 ] } },
{ "type": "Feature", "properties": { "name": "Mosman High School", "level": "Secondary School", "enrolment": 1085.6, "lga": "Mosman", "icsea": 1126.0, "suburb": "MOSMAN", "postcode": 2088 }, "geometry": { "type": "Point", "coordinates": [ 151.243425, -33.829677 ] } },
{ "type": "Feature", "properties": { "name": "West Pymble Public School", "level": "Primary School", "enrolment": 250.0, "lga": "Ku-ring-gai", "icsea": 1173.0, "suburb": "West Pymble ", "postcode": 2073 }, "geometry": { "type": "Point", "coordinates": [ 151.124401, -33.763937 ] } },
{ "type": "Feature", "properties": { "name": "St Ives North Public School", "level": "Primary School", "enrolment": 846.0, "lga": "Ku-ring-gai", "icsea": 1164.0, "suburb": "St Ives ", "postcode": 2075 }, "geometry": { "type": "Point", "coordinates": [ 151.163635, -33.718672 ] } },
{ "type": "Feature", "properties": { "name": "Roselea Public School", "level": "Primary School", "enrolment": 306.0, "lga": "Parramatta", "icsea": 1112.0, "suburb": "CARLINGFORD", "postcode": 2118 }, "geometry": { "type": "Point", "coordinates": [ 151.05252, -33.765259 ] } },
{ "type": "Feature", "properties": { "name": "St Ives Public School", "level": "Primary School", "enrolment": 465.0, "lga": "Ku-ring-gai", "icsea": 1155.0, "suburb": "St Ives ", "postcode": 2075 }, "geometry": { "type": "Point", "coordinates": [ 151.1665, -33.738199 ] } },
{ "type": "Feature", "properties": { "name": "Bilgola Plateau Public School", "level": "Primary School", "enrolment": 344.0, "lga": "Northern Beaches", "icsea": 1121.0, "suburb": "Bilgola Plateau ", "postcode": 2107 }, "geometry": { "type": "Point", "coordinates": [ 151.313406, -33.644021 ] } },
{ "type": "Feature", "properties": { "name": "Hornsby North Public School", "level": "Primary School", "enrolment": 937.0, "lga": "Hornsby", "icsea": 1148.0, "suburb": "Hornsby ", "postcode": 2077 }, "geometry": { "type": "Point", "coordinates": [ 151.098865, -33.682646 ] } },
{ "type": "Feature", "properties": { "name": "Wakehurst Public School", "level": "Primary School", "enrolment": 407.0, "lga": "Northern Beaches", "icsea": 1126.0, "suburb": "Belrose ", "postcode": 2085 }, "geometry": { "type": "Point", "coordinates": [ 151.218101, -33.738527 ] } },
{ "type": "Feature", "properties": { "name": "Baulkham Hills North Public School", "level": "Primary School", "enrolment": 876.0, "lga": "The Hills", "icsea": 1130.0, "suburb": "Baulkham Hills ", "postcode": 2153 }, "geometry": { "type": "Point", "coordinates": [ 150.999957, -33.751927 ] } },
{ "type": "Feature", "properties": { "name": "Barrenjoey High School", "level": "Secondary School", "enrolment": 859.5, "lga": "Northern Beaches", "icsea": 1081.0, "suburb": "Avalon ", "postcode": 2107 }, "geometry": { "type": "Point", "coordinates": [ 151.333926, -33.63117 ] } },
{ "type": "Feature", "properties": { "name": "Killara High School", "level": "Secondary School", "enrolment": 1800.4, "lga": "Ku-ring-gai", "icsea": 1147.0, "suburb": "Killara ", "postcode": 2071 }, "geometry": { "type": "Point", "coordinates": [ 151.174102, -33.756575 ] } },
{ "type": "Feature", "properties": { "name": "Davidson High School", "level": "Secondary School", "enrolment": 789.4, "lga": "Northern Beaches", "icsea": 1089.0, "suburb": "Frenchs Forest ", "postcode": 2086 }, "geometry": { "type": "Point", "coordinates": [ 151.205465, -33.74468 ] } },
{ "type": "Feature", "properties": { "name": "Galston High School", "level": "Secondary School", "enrolment": 570.0, "lga": "Hornsby", "icsea": 1044.0, "suburb": "Galston ", "postcode": 2159 }, "geometry": { "type": "Point", "coordinates": [ 151.042348, -33.660931 ] } },
{ "type": "Feature", "properties": { "name": "Muirfield High School", "level": "Secondary School", "enrolment": 835.8, "lga": "Parramatta", "icsea": 1082.0, "suburb": "North Rocks", "postcode": 2151 }, "geometry": { "type": "Point", "coordinates": [ 151.022294, -33.764695 ] } },
{ "type": "Feature", "properties": { "name": "Northern Beaches Secondary College Cromer Campus", "level": "Secondary School", "enrolment": 1156.0, "lga": "Northern Beaches", "icsea": 1056.0, "suburb": "Cromer ", "postcode": 2099 }, "geometry": { "type": "Point", "coordinates": [ 151.284453, -33.737765 ] } },
{ "type": "Feature", "properties": { "name": "Narrabeen Sports High School", "level": "Secondary School", "enrolment": 793.6, "lga": "Northern Beaches", "icsea": 1042.0, "suburb": "NORTH NARRABEEN", "postcode": 2101 }, "geometry": { "type": "Point", "coordinates": [ 151.298401, -33.700941 ] } },
{ "type": "Feature", "properties": { "name": "Cherrybrook Technology High School", "level": "Secondary School", "enrolment": 2097.4, "lga": "Hornsby", "icsea": 1146.0, "suburb": "CHERRYBROOK", "postcode": 2126 }, "geometry": { "type": "Point", "coordinates": [ 151.037583, -33.719852 ] } },
{ "type": "Feature", "properties": { "name": "Northern Beaches Secondary College Mackellar Girls Campus", "level": "Secondary School", "enrolment": 1021.0, "lga": "Northern Beaches", "icsea": 1115.0, "suburb": "Manly Vale ", "postcode": 2093 }, "geometry": { "type": "Point", "coordinates": [ 151.272401, -33.782109 ] } },
{ "type": "Feature", "properties": { "name": "Epping Boys High School", "level": "Secondary School", "enrolment": 1491.4, "lga": "Ryde", "icsea": 1117.0, "suburb": "Eastwood ", "postcode": 2122 }, "geometry": { "type": "Point", "coordinates": [ 151.099645, -33.769453 ] } },
{ "type": "Feature", "properties": { "name": "Auburn North Public School", "level": "Primary School", "enrolment": 645.0, "lga": "Cumberland", "icsea": 1015.0, "suburb": "Auburn ", "postcode": 2144 }, "geometry": { "type": "Point", "coordinates": [ 151.038618, -33.841669 ] } },
{ "type": "Feature", "properties": { "name": "Auburn West Public School", "level": "Primary School", "enrolment": 572.0, "lga": "Cumberland", "icsea": 928.0, "suburb": "Auburn ", "postcode": 2144 }, "geometry": { "type": "Point", "coordinates": [ 151.019764, -33.860931 ] } },
{ "type": "Feature", "properties": { "name": "Austral Public School", "level": "Primary School", "enrolment": 846.0, "lga": "Liverpool", "icsea": 1032.0, "suburb": "AUSTRAL", "postcode": 2179 }, "geometry": { "type": "Point", "coordinates": [ 150.812638, -33.934487 ] } },
{ "type": "Feature", "properties": { "name": "Bankstown North Public School", "level": "Primary School", "enrolment": 382.0, "lga": "Canterbury-Bankstown", "icsea": 986.0, "suburb": "Bankstown ", "postcode": 2200 }, "geometry": { "type": "Point", "coordinates": [ 151.038043, -33.904888 ] } },
{ "type": "Feature", "properties": { "name": "Bass Hill Public School", "level": "Primary School", "enrolment": 346.0, "lga": "Canterbury-Bankstown", "icsea": 929.0, "suburb": "Bass Hill ", "postcode": 2197 }, "geometry": { "type": "Point", "coordinates": [ 151.005779, -33.905902 ] } },
{ "type": "Feature", "properties": { "name": "Belmore North Public School", "level": "Primary School", "enrolment": 252.0, "lga": "Canterbury-Bankstown", "icsea": 977.0, "suburb": "Belmore ", "postcode": 2192 }, "geometry": { "type": "Point", "coordinates": [ 151.084885, -33.909885 ] } },
{ "type": "Feature", "properties": { "name": "Hornsby Girls High School", "level": "Secondary School", "enrolment": 720.3, "lga": "Hornsby", "icsea": 1209.0, "suburb": "Hornsby ", "postcode": 2077 }, "geometry": { "type": "Point", "coordinates": [ 151.101083, -33.706627 ] } },
{ "type": "Feature", "properties": { "name": "Belmore South Public School", "level": "Primary School", "enrolment": 230.0, "lga": "Canterbury-Bankstown", "icsea": 1012.0, "suburb": "Belmore ", "postcode": 2192 }, "geometry": { "type": "Point", "coordinates": [ 151.091985, -33.925735 ] } },
{ "type": "Feature", "properties": { "name": "Berala Public School", "level": "Primary School", "enrolment": 656.0, "lga": "Cumberland", "icsea": 980.0, "suburb": "Berala", "postcode": 2141 }, "geometry": { "type": "Point", "coordinates": [ 151.028244, -33.869714 ] } },
{ "type": "Feature", "properties": { "name": "Blaxcell Street Public School", "level": "Primary School", "enrolment": 948.0, "lga": "Cumberland", "icsea": 957.0, "suburb": "Granville", "postcode": 2142 }, "geometry": { "type": "Point", "coordinates": [ 151.006125, -33.858068 ] } },
{ "type": "Feature", "properties": { "name": "Burwood Public School", "level": "Primary School", "enrolment": 476.0, "lga": "Burwood", "icsea": 1092.0, "suburb": "BURWOOD", "postcode": 2134 }, "geometry": { "type": "Point", "coordinates": [ 151.098987, -33.8768 ] } },
{ "type": "Feature", "properties": { "name": "Buxton Public School", "level": "Primary School", "enrolment": 163.0, "lga": "Wollondilly", "icsea": 949.0, "suburb": "Buxton ", "postcode": 2571 }, "geometry": { "type": "Point", "coordinates": [ 150.544826, -34.246971 ] } },
{ "type": "Feature", "properties": { "name": "Cabramatta Public School", "level": "Primary School", "enrolment": 435.0, "lga": "Fairfield", "icsea": 950.0, "suburb": "Cabramatta ", "postcode": 2166 }, "geometry": { "type": "Point", "coordinates": [ 150.942629, -33.895823 ] } },
{ "type": "Feature", "properties": { "name": "Camden Public School", "level": "Primary School", "enrolment": 313.0, "lga": "Camden", "icsea": 1041.0, "suburb": "CAMDEN", "postcode": 2570 }, "geometry": { "type": "Point", "coordinates": [ 150.693236, -34.051998 ] } },
{ "type": "Feature", "properties": { "name": "Campbelltown Public School", "level": "Primary School", "enrolment": 284.0, "lga": "Campbelltown (NSW)", "icsea": 946.0, "suburb": "Campbelltown ", "postcode": 2560 }, "geometry": { "type": "Point", "coordinates": [ 150.815634, -34.070109 ] } },
{ "type": "Feature", "properties": { "name": "Campsie Public School", "level": "Primary School", "enrolment": 515.0, "lga": "Canterbury-Bankstown", "icsea": 1016.0, "suburb": "Campsie", "postcode": 2194 }, "geometry": { "type": "Point", "coordinates": [ 151.104846, -33.911863 ] } },
{ "type": "Feature", "properties": { "name": "The Forest High School", "level": "Secondary School", "enrolment": 767.8, "lga": "Northern Beaches", "icsea": 1062.0, "suburb": "Allambie Heights", "postcode": 2100 }, "geometry": { "type": "Point", "coordinates": [ 151.24444, -33.75651 ] } },
{ "type": "Feature", "properties": { "name": "Pittwater High School", "level": "Secondary School", "enrolment": 875.6, "lga": "Northern Beaches", "icsea": 1071.0, "suburb": "Mona Vale ", "postcode": 2103 }, "geometry": { "type": "Point", "coordinates": [ 151.302664, -33.668259 ] } },
{ "type": "Feature", "properties": { "name": "Castle Hill High School", "level": "Secondary School", "enrolment": 1842.0, "lga": "The Hills", "icsea": 1121.0, "suburb": "Castle Hill ", "postcode": 2154 }, "geometry": { "type": "Point", "coordinates": [ 150.999534, -33.726635 ] } },
{ "type": "Feature", "properties": { "name": "St Ives High School", "level": "Secondary School", "enrolment": 1750.1, "lga": "Ku-ring-gai", "icsea": 1125.0, "suburb": "St Ives ", "postcode": 2075 }, "geometry": { "type": "Point", "coordinates": [ 151.167078, -33.740147 ] } },
{ "type": "Feature", "properties": { "name": "Ryde Secondary College", "level": "Secondary School", "enrolment": 1486.3, "lga": "Ryde", "icsea": 1102.0, "suburb": "Ryde", "postcode": 2112 }, "geometry": { "type": "Point", "coordinates": [ 151.119176, -33.813316 ] } },
{ "type": "Feature", "properties": { "name": "Ku-ring-gai High School", "level": "Secondary School", "enrolment": 535.6, "lga": "Ku-ring-gai", "icsea": 1088.0, "suburb": "NORTH TURRAMURRA", "postcode": 2074 }, "geometry": { "type": "Point", "coordinates": [ 151.153809, -33.690973 ] } },
{ "type": "Feature", "properties": { "name": "Killarney Heights High School", "level": "Secondary School", "enrolment": 968.6, "lga": "Northern Beaches", "icsea": 1132.0, "suburb": "Killarney Heights ", "postcode": 2087 }, "geometry": { "type": "Point", "coordinates": [ 151.215215, -33.771925 ] } },
{ "type": "Feature", "properties": { "name": "Turramurra High School", "level": "Secondary School", "enrolment": 985.8, "lga": "Ku-ring-gai", "icsea": 1118.0, "suburb": "South Turramurra", "postcode": 2074 }, "geometry": { "type": "Point", "coordinates": [ 151.114786, -33.757307 ] } },
{ "type": "Feature", "properties": { "name": "Pennant Hills High School", "level": "Secondary School", "enrolment": 1130.3, "lga": "Hornsby", "icsea": 1109.0, "suburb": "Pennant Hills ", "postcode": 2120 }, "geometry": { "type": "Point", "coordinates": [ 151.061087, -33.733692 ] } },
{ "type": "Feature", "properties": { "name": "Carlingford High School", "level": "Secondary School", "enrolment": 1771.5, "lga": "Parramatta", "icsea": 1111.0, "suburb": "Carlingford ", "postcode": 2118 }, "geometry": { "type": "Point", "coordinates": [ 151.050764, -33.765412 ] } },
{ "type": "Feature", "properties": { "name": "Fairfield Public School", "level": "Primary School", "enrolment": 386.0, "lga": "Fairfield", "icsea": 901.0, "suburb": "Fairfield ", "postcode": 2165 }, "geometry": { "type": "Point", "coordinates": [ 150.955409, -33.866847 ] } },
{ "type": "Feature", "properties": { "name": "Fairfield West Public School", "level": "Primary School", "enrolment": 545.0, "lga": "Fairfield", "icsea": 914.0, "suburb": "Fairfield West ", "postcode": 2165 }, "geometry": { "type": "Point", "coordinates": [ 150.924762, -33.868037 ] } },
{ "type": "Feature", "properties": { "name": "Tahmoor Public School", "level": "Primary School", "enrolment": 525.0, "lga": "Wollondilly", "icsea": 927.0, "suburb": "Tahmoor ", "postcode": 2573 }, "geometry": { "type": "Point", "coordinates": [ 150.588951, -34.227663 ] } },
{ "type": "Feature", "properties": { "name": "Thirlmere Public School", "level": "Primary School", "enrolment": 401.0, "lga": "Wollondilly", "icsea": 959.0, "suburb": "Thirlmere ", "postcode": 2572 }, "geometry": { "type": "Point", "coordinates": [ 150.569311, -34.204832 ] } },
{ "type": "Feature", "properties": { "name": "Carramar Public School", "level": "Primary School", "enrolment": 227.0, "lga": "Fairfield", "icsea": 931.0, "suburb": "Carramar ", "postcode": 2163 }, "geometry": { "type": "Point", "coordinates": [ 150.969204, -33.885512 ] } },
{ "type": "Feature", "properties": { "name": "Glenfield Public School", "level": "Primary School", "enrolment": 470.0, "lga": "Campbelltown (NSW)", "icsea": 1070.0, "suburb": "Glenfield ", "postcode": 2167 }, "geometry": { "type": "Point", "coordinates": [ 150.896584, -33.971005 ] } },
{ "type": "Feature", "properties": { "name": "Granville Public School", "level": "Primary School", "enrolment": 590.0, "lga": "Cumberland", "icsea": 973.0, "suburb": "Granville ", "postcode": 2142 }, "geometry": { "type": "Point", "coordinates": [ 151.004671, -33.834264 ] } },
{ "type": "Feature", "properties": { "name": "Granville South Public School", "level": "Primary School", "enrolment": 323.0, "lga": "Cumberland", "icsea": 933.0, "suburb": "Guildford ", "postcode": 2161 }, "geometry": { "type": "Point", "coordinates": [ 150.995883, -33.848289 ] } },
{ "type": "Feature", "properties": { "name": "Green Valley Public School", "level": "Primary School", "enrolment": 365.0, "lga": "Liverpool", "icsea": 973.0, "suburb": "GREEN VALLEY", "postcode": 2168 }, "geometry": { "type": "Point", "coordinates": [ 150.868972, -33.90074 ] } },
{ "type": "Feature", "properties": { "name": "Guildford Public School", "level": "Primary School", "enrolment": 623.0, "lga": "Cumberland", "icsea": 943.0, "suburb": "Guildford ", "postcode": 2161 }, "geometry": { "type": "Point", "coordinates": [ 150.981983, -33.855821 ] } },
{ "type": "Feature", "properties": { "name": "Hammondville Public School", "level": "Primary School", "enrolment": 445.0, "lga": "Liverpool", "icsea": 1030.0, "suburb": "Hammondville ", "postcode": 2170 }, "geometry": { "type": "Point", "coordinates": [ 150.954525, -33.947273 ] } },
{ "type": "Feature", "properties": { "name": "Homebush Public School", "level": "Primary School", "enrolment": 368.0, "lga": "Strathfield", "icsea": 1094.0, "suburb": "Homebush ", "postcode": 2140 }, "geometry": { "type": "Point", "coordinates": [ 151.08523, -33.867319 ] } },
{ "type": "Feature", "properties": { "name": "Condell Park Public School", "level": "Primary School", "enrolment": 586.0, "lga": "Canterbury-Bankstown", "icsea": 968.0, "suburb": "CONDELL PARK", "postcode": 2200 }, "geometry": { "type": "Point", "coordinates": [ 151.013674, -33.925486 ] } },
{ "type": "Feature", "properties": { "name": "Horsley Park Public School", "level": "Primary School", "enrolment": 84.0, "lga": "Fairfield", "icsea": 932.0, "suburb": "HORSLEY PARK", "postcode": 2175 }, "geometry": { "type": "Point", "coordinates": [ 150.852683, -33.840414 ] } },
{ "type": "Feature", "properties": { "name": "Hoxton Park Public School", "level": "Primary School", "enrolment": 531.0, "lga": "Liverpool", "icsea": 985.0, "suburb": "HOXTON PARK", "postcode": 2171 }, "geometry": { "type": "Point", "coordinates": [ 150.849626, -33.931881 ] } },
{ "type": "Feature", "properties": { "name": "Ingleburn Public School", "level": "Primary School", "enrolment": 424.0, "lga": "Campbelltown (NSW)", "icsea": 985.0, "suburb": "Ingleburn ", "postcode": 2565 }, "geometry": { "type": "Point", "coordinates": [ 150.866612, -34.000332 ] } },
{ "type": "Feature", "properties": { "name": "Kentlyn Public School", "level": "Primary School", "enrolment": 120.0, "lga": "Campbelltown (NSW)", "icsea": 990.0, "suburb": "Campbelltown ", "postcode": 2560 }, "geometry": { "type": "Point", "coordinates": [ 150.858576, -34.073132 ] } },
{ "type": "Feature", "properties": { "name": "Lakemba Public School", "level": "Primary School", "enrolment": 428.0, "lga": "Canterbury-Bankstown", "icsea": 999.0, "suburb": "WILEY PARK", "postcode": 2195 }, "geometry": { "type": "Point", "coordinates": [ 151.070046, -33.923615 ] } },
{ "type": "Feature", "properties": { "name": "East Hills Public School", "level": "Primary School", "enrolment": 130.0, "lga": "Canterbury-Bankstown", "icsea": 986.0, "suburb": "Panania ", "postcode": 2213 }, "geometry": { "type": "Point", "coordinates": [ 150.991975, -33.957953 ] } },
{ "type": "Feature", "properties": { "name": "Lidcombe Public School", "level": "Primary School", "enrolment": 762.0, "lga": "Cumberland", "icsea": 1019.0, "suburb": "Lidcombe ", "postcode": 2141 }, "geometry": { "type": "Point", "coordinates": [ 151.046926, -33.861019 ] } },
{ "type": "Feature", "properties": { "name": "Merrylands Public School", "level": "Primary School", "enrolment": 620.0, "lga": "Cumberland", "icsea": 936.0, "suburb": "Merrylands ", "postcode": 2160 }, "geometry": { "type": "Point", "coordinates": [ 150.976047, -33.840516 ] } },
{ "type": "Feature", "properties": { "name": "Milperra Public School", "level": "Primary School", "enrolment": 317.0, "lga": "Canterbury-Bankstown", "icsea": 1027.0, "suburb": "Milperra ", "postcode": 2214 }, "geometry": { "type": "Point", "coordinates": [ 150.979779, -33.942077 ] } },
{ "type": "Feature", "properties": { "name": "Minto Public School", "level": "Primary School", "enrolment": 220.0, "lga": "Campbelltown (NSW)", "icsea": 1010.0, "suburb": "MINTO", "postcode": 2566 }, "geometry": { "type": "Point", "coordinates": [ 150.847266, -34.029979 ] } },
{ "type": "Feature", "properties": { "name": "Mortlake Public School", "level": "Primary School", "enrolment": 261.0, "lga": "Canada Bay", "icsea": 1081.0, "suburb": "Concord", "postcode": 2137 }, "geometry": { "type": "Point", "coordinates": [ 151.103861, -33.849829 ] } },
{ "type": "Feature", "properties": { "name": "Mount Hunter Public School", "level": "Primary School", "enrolment": 32.0, "lga": "Wollondilly", "icsea": 1054.0, "suburb": "Camden ", "postcode": 2570 }, "geometry": { "type": "Point", "coordinates": [ 150.63643, -34.07177 ] } },
{ "type": "Feature", "properties": { "name": "Yennora Public School", "level": "Primary School", "enrolment": 244.0, "lga": "Fairfield", "icsea": 933.0, "suburb": "Yennora ", "postcode": 2161 }, "geometry": { "type": "Point", "coordinates": [ 150.970993, -33.866826 ] } },
{ "type": "Feature", "properties": { "name": "Mount Pritchard Public School", "level": "Primary School", "enrolment": 368.0, "lga": "Fairfield", "icsea": 951.0, "suburb": "Mount Pritchard ", "postcode": 2170 }, "geometry": { "type": "Point", "coordinates": [ 150.900007, -33.899845 ] } },
{ "type": "Feature", "properties": { "name": "Narellan Public School", "level": "Primary School", "enrolment": 291.0, "lga": "Camden", "icsea": 969.0, "suburb": "Narellan", "postcode": 2567 }, "geometry": { "type": "Point", "coordinates": [ 150.733769, -34.042764 ] } },
{ "type": "Feature", "properties": { "name": "Oakdale Public School", "level": "Primary School", "enrolment": 141.0, "lga": "Wollondilly", "icsea": 945.0, "suburb": "Oakdale ", "postcode": 2570 }, "geometry": { "type": "Point", "coordinates": [ 150.508197, -34.078907 ] } },
{ "type": "Feature", "properties": { "name": "The Oaks Public School", "level": "Primary School", "enrolment": 308.0, "lga": "Wollondilly", "icsea": 977.0, "suburb": "THE OAKS", "postcode": 2570 }, "geometry": { "type": "Point", "coordinates": [ 150.571724, -34.078385 ] } },
{ "type": "Feature", "properties": { "name": "Old Guildford Public School", "level": "Primary School", "enrolment": 411.0, "lga": "Fairfield", "icsea": 903.0, "suburb": "Guildford ", "postcode": 2161 }, "geometry": { "type": "Point", "coordinates": [ 150.986508, -33.867484 ] } },
{ "type": "Feature", "properties": { "name": "Padstow Park Public School", "level": "Primary School", "enrolment": 334.0, "lga": "Canterbury-Bankstown", "icsea": 1019.0, "suburb": "Padstow", "postcode": 2211 }, "geometry": { "type": "Point", "coordinates": [ 151.030882, -33.954955 ] } },
{ "type": "Feature", "properties": { "name": "Canley Vale Public School", "level": "Primary School", "enrolment": 752.0, "lga": "Fairfield", "icsea": 973.0, "suburb": "Canley Vale ", "postcode": 2166 }, "geometry": { "type": "Point", "coordinates": [ 150.937632, -33.88676 ] } },
{ "type": "Feature", "properties": { "name": "Picton Public School", "level": "Primary School", "enrolment": 307.0, "lga": "Wollondilly", "icsea": 991.0, "suburb": "Picton ", "postcode": 2571 }, "geometry": { "type": "Point", "coordinates": [ 150.609346, -34.17624 ] } },
{ "type": "Feature", "properties": { "name": "Prestons Public School", "level": "Primary School", "enrolment": 586.0, "lga": "Liverpool", "icsea": 962.0, "suburb": "Prestons ", "postcode": 2170 }, "geometry": { "type": "Point", "coordinates": [ 150.889961, -33.94642 ] } },
{ "type": "Feature", "properties": { "name": "Cawdor Public School", "level": "Primary School", "enrolment": 76.0, "lga": "Wollondilly", "icsea": 982.0, "suburb": "CAWDOR", "postcode": 2570 }, "geometry": { "type": "Point", "coordinates": [ 150.673727, -34.109711 ] } },
{ "type": "Feature", "properties": { "name": "Chipping Norton Public School", "level": "Primary School", "enrolment": 333.0, "lga": "Liverpool", "icsea": 1018.0, "suburb": "Chipping Norton ", "postcode": 2170 }, "geometry": { "type": "Point", "coordinates": [ 150.96085, -33.909108 ] } },
{ "type": "Feature", "properties": { "name": "Cobbitty Public School", "level": "Primary School", "enrolment": 360.0, "lga": "Camden", "icsea": 1021.0, "suburb": "COBBITTY", "postcode": 2570 }, "geometry": { "type": "Point", "coordinates": [ 150.685938, -34.0159 ] } },
{ "type": "Feature", "properties": { "name": "Concord Public School", "level": "Primary School", "enrolment": 276.0, "lga": "Canada Bay", "icsea": 1071.0, "suburb": "Concord ", "postcode": 2137 }, "geometry": { "type": "Point", "coordinates": [ 151.106944, -33.863224 ] } },
{ "type": "Feature", "properties": { "name": "Concord West Public School", "level": "Primary School", "enrolment": 414.0, "lga": "Canada Bay", "icsea": 1093.0, "suburb": "Concord West ", "postcode": 2138 }, "geometry": { "type": "Point", "coordinates": [ 151.087317, -33.839613 ] } },
{ "type": "Feature", "properties": { "name": "Liverpool West Public School", "level": "Primary School", "enrolment": 668.0, "lga": "Liverpool", "icsea": 920.0, "suburb": "Liverpool ", "postcode": 2170 }, "geometry": { "type": "Point", "coordinates": [ 150.907691, -33.927101 ] } },
{ "type": "Feature", "properties": { "name": "Casula Public School", "level": "Primary School", "enrolment": 660.0, "lga": "Liverpool", "icsea": 980.0, "suburb": "Casula ", "postcode": 2170 }, "geometry": { "type": "Point", "coordinates": [ 150.9092, -33.944218 ] } },
{ "type": "Feature", "properties": { "name": "Douglas Park Public School", "level": "Primary School", "enrolment": 145.0, "lga": "Wollondilly", "icsea": 1031.0, "suburb": "Douglas Park ", "postcode": 2569 }, "geometry": { "type": "Point", "coordinates": [ 150.713038, -34.179484 ] } },
{ "type": "Feature", "properties": { "name": "Panania Public School", "level": "Primary School", "enrolment": 368.0, "lga": "Canterbury-Bankstown", "icsea": 1057.0, "suburb": "PANANIA", "postcode": 2213 }, "geometry": { "type": "Point", "coordinates": [ 150.99946, -33.965972 ] } },
{ "type": "Feature", "properties": { "name": "Enfield Public School", "level": "Primary School", "enrolment": 199.0, "lga": "Burwood", "icsea": 1062.0, "suburb": "Enfield ", "postcode": 2136 }, "geometry": { "type": "Point", "coordinates": [ 151.094528, -33.888598 ] } },
{ "type": "Feature", "properties": { "name": "Strathfield South Public School", "level": "Primary School", "enrolment": 423.0, "lga": "Strathfield", "icsea": 1084.0, "suburb": "STRATHFIELD", "postcode": 2135 }, "geometry": { "type": "Point", "coordinates": [ 151.084702, -33.89078 ] } },
{ "type": "Feature", "properties": { "name": "Yanderra Public School", "level": "Primary School", "enrolment": 35.0, "lga": "Wollondilly", "icsea": 934.0, "suburb": "Yanderra ", "postcode": 2574 }, "geometry": { "type": "Point", "coordinates": [ 150.571244, -34.320475 ] } },
{ "type": "Feature", "properties": { "name": "Kemps Creek Public School", "level": "Primary School", "enrolment": 114.0, "lga": "Liverpool", "icsea": 947.0, "suburb": "KEMPS CREEK", "postcode": 2178 }, "geometry": { "type": "Point", "coordinates": [ 150.790299, -33.882805 ] } },
{ "type": "Feature", "properties": { "name": "Fairfield Heights Public School", "level": "Primary School", "enrolment": 642.0, "lga": "Fairfield", "icsea": 893.0, "suburb": "FAIRFIELD", "postcode": 2165 }, "geometry": { "type": "Point", "coordinates": [ 150.940272, -33.866094 ] } },
{ "type": "Feature", "properties": { "name": "Warwick Farm Public School", "level": "Primary School", "enrolment": 219.0, "lga": "Liverpool", "icsea": 951.0, "suburb": "Warwick Farm", "postcode": 2170 }, "geometry": { "type": "Point", "coordinates": [ 150.929409, -33.909642 ] } },
{ "type": "Feature", "properties": { "name": "Chester Hill Public School", "level": "Primary School", "enrolment": 578.0, "lga": "Canterbury-Bankstown", "icsea": 958.0, "suburb": "CHESTER HILL", "postcode": 2162 }, "geometry": { "type": "Point", "coordinates": [ 151.00161, -33.885597 ] } },
{ "type": "Feature", "properties": { "name": "Georges Hall Public School", "level": "Primary School", "enrolment": 685.0, "lga": "Canterbury-Bankstown", "icsea": 1017.0, "suburb": "Georges Hall ", "postcode": 2198 }, "geometry": { "type": "Point", "coordinates": [ 150.9922, -33.912435 ] } },
{ "type": "Feature", "properties": { "name": "Riverwood Public School", "level": "Primary School", "enrolment": 126.0, "lga": "Canterbury-Bankstown", "icsea": 958.0, "suburb": "Riverwood ", "postcode": 2210 }, "geometry": { "type": "Point", "coordinates": [ 151.046586, -33.947208 ] } },
{ "type": "Feature", "properties": { "name": "Chullora Public School", "level": "Primary School", "enrolment": 430.0, "lga": "Canterbury-Bankstown", "icsea": 965.0, "suburb": "Greenacre ", "postcode": 2190 }, "geometry": { "type": "Point", "coordinates": [ 151.060249, -33.895371 ] } },
{ "type": "Feature", "properties": { "name": "Chalmers Road School", "level": "Schools for Specific Purposes", "enrolment": 79.0, "lga": "Strathfield", "icsea": 1006.0, "suburb": "Strathfield ", "postcode": 2135 }, "geometry": { "type": "Point", "coordinates": [ 151.081613, -33.879569 ] } },
{ "type": "Feature", "properties": { "name": "Yagoona Public School", "level": "Primary School", "enrolment": 556.0, "lga": "Canterbury-Bankstown", "icsea": 986.0, "suburb": "Yagoona ", "postcode": 2199 }, "geometry": { "type": "Point", "coordinates": [ 151.026716, -33.909174 ] } },
{ "type": "Feature", "properties": { "name": "Wattle Grove Public School", "level": "Primary School", "enrolment": 427.0, "lga": "Liverpool", "icsea": 1035.0, "suburb": "Wattle Grove ", "postcode": 2173 }, "geometry": { "type": "Point", "coordinates": [ 150.937482, -33.958654 ] } },
{ "type": "Feature", "properties": { "name": "Narwee Public School", "level": "Primary School", "enrolment": 246.0, "lga": "Canterbury-Bankstown", "icsea": 1001.0, "suburb": "Narwee ", "postcode": 2209 }, "geometry": { "type": "Point", "coordinates": [ 151.06865, -33.948186 ] } },
{ "type": "Feature", "properties": { "name": "Beverly Hills North Public School", "level": "Primary School", "enrolment": 352.0, "lga": "Canterbury-Bankstown", "icsea": 1030.0, "suburb": "Beverly Hills ", "postcode": 2209 }, "geometry": { "type": "Point", "coordinates": [ 151.074837, -33.940606 ] } },
{ "type": "Feature", "properties": { "name": "Padstow Heights Public School", "level": "Primary School", "enrolment": 297.0, "lga": "Canterbury-Bankstown", "icsea": 1053.0, "suburb": "Padstow ", "postcode": 2211 }, "geometry": { "type": "Point", "coordinates": [ 151.030001, -33.966519 ] } },
{ "type": "Feature", "properties": { "name": "Cartwright Public School", "level": "Primary School", "enrolment": 241.0, "lga": "Liverpool", "icsea": 920.0, "suburb": "Cartwright", "postcode": 2168 }, "geometry": { "type": "Point", "coordinates": [ 150.890943, -33.925284 ] } },
{ "type": "Feature", "properties": { "name": "Villawood East Public School", "level": "Primary School", "enrolment": 301.0, "lga": "Canterbury-Bankstown", "icsea": 898.0, "suburb": "VILLAWOOD", "postcode": 2163 }, "geometry": { "type": "Point", "coordinates": [ 150.986013, -33.890154 ] } },
{ "type": "Feature", "properties": { "name": "Cabramatta West Public School", "level": "Primary School", "enrolment": 477.0, "lga": "Fairfield", "icsea": 950.0, "suburb": "Cabramatta ", "postcode": 2166 }, "geometry": { "type": "Point", "coordinates": [ 150.922985, -33.897515 ] } },
{ "type": "Feature", "properties": { "name": "Chester Hill North Public School", "level": "Primary School", "enrolment": 400.0, "lga": "Canterbury-Bankstown", "icsea": 950.0, "suburb": "Chester Hill ", "postcode": 2162 }, "geometry": { "type": "Point", "coordinates": [ 151.001039, -33.872352 ] } },
{ "type": "Feature", "properties": { "name": "Canley Heights Public School", "level": "Primary School", "enrolment": 529.0, "lga": "Fairfield", "icsea": 935.0, "suburb": "Canley Heights ", "postcode": 2166 }, "geometry": { "type": "Point", "coordinates": [ 150.922611, -33.884812 ] } },
{ "type": "Feature", "properties": { "name": "Guildford West Public School", "level": "Primary School", "enrolment": 366.0, "lga": "Cumberland", "icsea": 945.0, "suburb": "Guildford West ", "postcode": 2161 }, "geometry": { "type": "Point", "coordinates": [ 150.966496, -33.847672 ] } },
{ "type": "Feature", "properties": { "name": "Fairvale Public School", "level": "Primary School", "enrolment": 503.0, "lga": "Fairfield", "icsea": 919.0, "suburb": "Fairfield ", "postcode": 2165 }, "geometry": { "type": "Point", "coordinates": [ 150.940718, -33.876939 ] } },
{ "type": "Feature", "properties": { "name": "Panania North Public School", "level": "Primary School", "enrolment": 441.0, "lga": "Canterbury-Bankstown", "icsea": 1026.0, "suburb": "Panania ", "postcode": 2213 }, "geometry": { "type": "Point", "coordinates": [ 150.999631, -33.944499 ] } },
{ "type": "Feature", "properties": { "name": "Revesby South Public School", "level": "Primary School", "enrolment": 312.0, "lga": "Canterbury-Bankstown", "icsea": 1041.0, "suburb": "Revesby ", "postcode": 2212 }, "geometry": { "type": "Point", "coordinates": [ 151.017335, -33.960526 ] } },
{ "type": "Feature", "properties": { "name": "Birrong Public School", "level": "Primary School", "enrolment": 451.0, "lga": "Canterbury-Bankstown", "icsea": 967.0, "suburb": "Birrong ", "postcode": 2143 }, "geometry": { "type": "Point", "coordinates": [ 151.02007, -33.895596 ] } },
{ "type": "Feature", "properties": { "name": "Leumeah Public School", "level": "Primary School", "enrolment": 516.0, "lga": "Campbelltown (NSW)", "icsea": 1034.0, "suburb": "Leumeah ", "postcode": 2560 }, "geometry": { "type": "Point", "coordinates": [ 150.840373, -34.049425 ] } },
{ "type": "Feature", "properties": { "name": "Wattawa Heights Public School", "level": "Primary School", "enrolment": 196.0, "lga": "Canterbury-Bankstown", "icsea": 939.0, "suburb": "Bankstown ", "postcode": 2200 }, "geometry": { "type": "Point", "coordinates": [ 151.012095, -33.914921 ] } },
{ "type": "Feature", "properties": { "name": "Macquarie Fields Public School", "level": "Primary School", "enrolment": 828.0, "lga": "Campbelltown (NSW)", "icsea": 1048.0, "suburb": "Macquarie Fields ", "postcode": 2564 }, "geometry": { "type": "Point", "coordinates": [ 150.882486, -33.995325 ] } },
{ "type": "Feature", "properties": { "name": "Punchbowl Public School", "level": "Primary School", "enrolment": 528.0, "lga": "Canterbury-Bankstown", "icsea": 976.0, "suburb": "PUNCHBOWL", "postcode": 2196 }, "geometry": { "type": "Point", "coordinates": [ 151.055905, -33.930613 ] } },
{ "type": "Feature", "properties": { "name": "Leppington Public School", "level": "Primary School", "enrolment": 507.0, "lga": "Camden", "icsea": 1032.0, "suburb": "Leppington", "postcode": 2179 }, "geometry": { "type": "Point", "coordinates": [ 150.810901, -33.959269 ] } },
{ "type": "Feature", "properties": { "name": "Regents Park Public School", "level": "Primary School", "enrolment": 268.0, "lga": "Canterbury-Bankstown", "icsea": 968.0, "suburb": "Regents Park ", "postcode": 2143 }, "geometry": { "type": "Point", "coordinates": [ 151.024693, -33.885518 ] } },
{ "type": "Feature", "properties": { "name": "Revesby Public School", "level": "Primary School", "enrolment": 303.0, "lga": "Canterbury-Bankstown", "icsea": 999.0, "suburb": "Revesby ", "postcode": 2212 }, "geometry": { "type": "Point", "coordinates": [ 151.017145, -33.944449 ] } },
{ "type": "Feature", "properties": { "name": "Hampden Park Public School", "level": "Primary School", "enrolment": 859.0, "lga": "Canterbury-Bankstown", "icsea": 966.0, "suburb": "Lakemba", "postcode": 2195 }, "geometry": { "type": "Point", "coordinates": [ 151.074029, -33.914957 ] } },
{ "type": "Feature", "properties": { "name": "Rossmore Public School", "level": "Primary School", "enrolment": 113.0, "lga": "Camden", "icsea": 937.0, "suburb": "ROSSMORE", "postcode": 2557 }, "geometry": { "type": "Point", "coordinates": [ 150.770857, -33.946493 ] } },
{ "type": "Feature", "properties": { "name": "St Johns Park Public School", "level": "Primary School", "enrolment": 673.0, "lga": "Fairfield", "icsea": 1023.0, "suburb": "St Johns Park ", "postcode": 2176 }, "geometry": { "type": "Point", "coordinates": [ 150.899278, -33.887204 ] } },
{ "type": "Feature", "properties": { "name": "Smithfield Public School", "level": "Primary School", "enrolment": 517.0, "lga": "Fairfield", "icsea": 948.0, "suburb": "SMITHFIELD", "postcode": 2164 }, "geometry": { "type": "Point", "coordinates": [ 150.933495, -33.853583 ] } },
{ "type": "Feature", "properties": { "name": "Strathfield North Public School", "level": "Primary School", "enrolment": 508.0, "lga": "Canada Bay", "icsea": 1112.0, "suburb": "North Strathfield ", "postcode": 2137 }, "geometry": { "type": "Point", "coordinates": [ 151.09204, -33.854531 ] } },
{ "type": "Feature", "properties": { "name": "Camden South Public School", "level": "Primary School", "enrolment": 712.0, "lga": "Camden", "icsea": 1021.0, "suburb": "Camden ", "postcode": 2570 }, "geometry": { "type": "Point", "coordinates": [ 150.69563, -34.069741 ] } },
{ "type": "Feature", "properties": { "name": "Holsworthy Public School", "level": "Primary School", "enrolment": 563.0, "lga": "Liverpool", "icsea": 1100.0, "suburb": "HOLSWORTHY", "postcode": 2173 }, "geometry": { "type": "Point", "coordinates": [ 150.953353, -33.956342 ] } },
{ "type": "Feature", "properties": { "name": "Lurnea Public School", "level": "Primary School", "enrolment": 440.0, "lga": "Liverpool", "icsea": 906.0, "suburb": "Lurnea ", "postcode": 2170 }, "geometry": { "type": "Point", "coordinates": [ 150.891925, -33.932082 ] } },
{ "type": "Feature", "properties": { "name": "Bardia Public School", "level": "Primary School", "enrolment": 953.0, "lga": "Campbelltown (NSW)", "icsea": 1070.0, "suburb": "Bardia", "postcode": 2565 }, "geometry": { "type": "Point", "coordinates": [ 150.857923, -33.97528 ] } },
{ "type": "Feature", "properties": { "name": "Ringrose Public School", "level": "Primary School", "enrolment": 339.0, "lga": "Cumberland", "icsea": 1002.0, "suburb": "Greystanes ", "postcode": 2145 }, "geometry": { "type": "Point", "coordinates": [ 150.959399, -33.820181 ] } },
{ "type": "Feature", "properties": { "name": "Harrington Street Public School", "level": "Primary School", "enrolment": 740.0, "lga": "Fairfield", "icsea": 1000.0, "suburb": "Cabramatta", "postcode": 2166 }, "geometry": { "type": "Point", "coordinates": [ 150.908725, -33.888595 ] } },
{ "type": "Feature", "properties": { "name": "Sadleir Public School", "level": "Primary School", "enrolment": 351.0, "lga": "Liverpool", "icsea": 883.0, "suburb": "Sadleir ", "postcode": 2168 }, "geometry": { "type": "Point", "coordinates": [ 150.891029, -33.915843 ] } },
{ "type": "Feature", "properties": { "name": "Sherwood Grange Public School", "level": "Primary School", "enrolment": 246.0, "lga": "Cumberland", "icsea": 992.0, "suburb": "Merrylands ", "postcode": 2160 }, "geometry": { "type": "Point", "coordinates": [ 150.960103, -33.836784 ] } },
{ "type": "Feature", "properties": { "name": "Heckenberg Public School", "level": "Primary School", "enrolment": 209.0, "lga": "Liverpool", "icsea": 848.0, "suburb": "HECKENBERG", "postcode": 2168 }, "geometry": { "type": "Point", "coordinates": [ 150.890543, -33.908784 ] } },
{ "type": "Feature", "properties": { "name": "Busby Public School", "level": "Primary School", "enrolment": 243.0, "lga": "Liverpool", "icsea": 892.0, "suburb": "Busby ", "postcode": 2168 }, "geometry": { "type": "Point", "coordinates": [ 150.881313, -33.911561 ] } },
{ "type": "Feature", "properties": { "name": "Miller Public School", "level": "Primary School", "enrolment": 266.0, "lga": "Liverpool", "icsea": 880.0, "suburb": "Miller ", "postcode": 2168 }, "geometry": { "type": "Point", "coordinates": [ 150.876881, -33.921454 ] } },
{ "type": "Feature", "properties": { "name": "Picnic Point Public School", "level": "Primary School", "enrolment": 360.0, "lga": "Canterbury-Bankstown", "icsea": 1101.0, "suburb": "Picnic Point", "postcode": 2213 }, "geometry": { "type": "Point", "coordinates": [ 151.010243, -33.969119 ] } },
{ "type": "Feature", "properties": { "name": "Ashcroft Public School", "level": "Primary School", "enrolment": 284.0, "lga": "Liverpool", "icsea": 887.0, "suburb": "Ashcroft", "postcode": 2168 }, "geometry": { "type": "Point", "coordinates": [ 150.89839, -33.916395 ] } },
{ "type": "Feature", "properties": { "name": "Smithfield West Public School", "level": "Primary School", "enrolment": 300.0, "lga": "Fairfield", "icsea": 900.0, "suburb": "Wetherill Park", "postcode": 2164 }, "geometry": { "type": "Point", "coordinates": [ 150.91788, -33.857608 ] } },
{ "type": "Feature", "properties": { "name": "Lansvale East Public School", "level": "Primary School", "enrolment": 117.0, "lga": "Fairfield", "icsea": 969.0, "suburb": "Cabramatta", "postcode": 2166 }, "geometry": { "type": "Point", "coordinates": [ 150.964109, -33.897993 ] } },
{ "type": "Feature", "properties": { "name": "Busby West Public School", "level": "Primary School", "enrolment": 304.0, "lga": "Liverpool", "icsea": 895.0, "suburb": "GREEN VALLEY", "postcode": 2168 }, "geometry": { "type": "Point", "coordinates": [ 150.87445, -33.906099 ] } },
{ "type": "Feature", "properties": { "name": "Bradbury Public School", "level": "Primary School", "enrolment": 704.0, "lga": "Campbelltown (NSW)", "icsea": 987.0, "suburb": "Bradbury ", "postcode": 2560 }, "geometry": { "type": "Point", "coordinates": [ 150.81269, -34.085998 ] } },
{ "type": "Feature", "properties": { "name": "Nuwarra Public School", "level": "Primary School", "enrolment": 508.0, "lga": "Liverpool", "icsea": 997.0, "suburb": "Moorebank ", "postcode": 2170 }, "geometry": { "type": "Point", "coordinates": [ 150.951499, -33.933241 ] } },
{ "type": "Feature", "properties": { "name": "Briar Road Public School", "level": "Primary School", "enrolment": 263.0, "lga": "Campbelltown (NSW)", "icsea": 835.0, "suburb": "CAMPBELLTOWN", "postcode": 2560 }, "geometry": { "type": "Point", "coordinates": [ 150.827673, -34.089103 ] } },
{ "type": "Feature", "properties": { "name": "Curran Public School", "level": "Primary School", "enrolment": 275.0, "lga": "Campbelltown (NSW)", "icsea": 883.0, "suburb": "Macquarie Fields ", "postcode": 2564 }, "geometry": { "type": "Point", "coordinates": [ 150.899426, -33.993145 ] } },
{ "type": "Feature", "properties": { "name": "Guise Public School", "level": "Primary School", "enrolment": 221.0, "lga": "Campbelltown (NSW)", "icsea": 880.0, "suburb": "Macquarie Fields ", "postcode": 2564 }, "geometry": { "type": "Point", "coordinates": [ 150.89692, -33.987448 ] } },
{ "type": "Feature", "properties": { "name": "Mawarra Public School", "level": "Primary School", "enrolment": 386.0, "lga": "Camden", "icsea": 1017.0, "suburb": "Elderslie", "postcode": 2570 }, "geometry": { "type": "Point", "coordinates": [ 150.7122, -34.061245 ] } },
{ "type": "Feature", "properties": { "name": "King Park Public School", "level": "Primary School", "enrolment": 396.0, "lga": "Fairfield", "icsea": 985.0, "suburb": "St Johns Park ", "postcode": 2176 }, "geometry": { "type": "Point", "coordinates": [ 150.910701, -33.879147 ] } },
{ "type": "Feature", "properties": { "name": "Widemere Public School", "level": "Primary School", "enrolment": 169.0, "lga": "Cumberland", "icsea": 1036.0, "suburb": "Greystanes ", "postcode": 2145 }, "geometry": { "type": "Point", "coordinates": [ 150.939897, -33.834174 ] } },
{ "type": "Feature", "properties": { "name": "Villawood North Public School", "level": "Primary School", "enrolment": 250.0, "lga": "Fairfield", "icsea": 937.0, "suburb": "Fairfield East", "postcode": 2165 }, "geometry": { "type": "Point", "coordinates": [ 150.972454, -33.877111 ] } },
{ "type": "Feature", "properties": { "name": "Padstow North Public School", "level": "Primary School", "enrolment": 305.0, "lga": "Canterbury-Bankstown", "icsea": 1036.0, "suburb": "Padstow", "postcode": 2211 }, "geometry": { "type": "Point", "coordinates": [ 151.031421, -33.945302 ] } },
{ "type": "Feature", "properties": { "name": "Hannans Road Public School", "level": "Primary School", "enrolment": 106.0, "lga": "Canterbury-Bankstown", "icsea": 987.0, "suburb": "Riverwood ", "postcode": 2210 }, "geometry": { "type": "Point", "coordinates": [ 151.057599, -33.945271 ] } },
{ "type": "Feature", "properties": { "name": "Harcourt Public School", "level": "Primary School", "enrolment": 373.0, "lga": "Canterbury-Bankstown", "icsea": 1033.0, "suburb": "Campsie ", "postcode": 2194 }, "geometry": { "type": "Point", "coordinates": [ 151.095803, -33.90897 ] } },
{ "type": "Feature", "properties": { "name": "Campbelltown North Public School", "level": "Primary School", "enrolment": 358.0, "lga": "Campbelltown (NSW)", "icsea": 967.0, "suburb": "Campbelltown ", "postcode": 2560 }, "geometry": { "type": "Point", "coordinates": [ 150.826589, -34.061201 ] } },
{ "type": "Feature", "properties": { "name": "Lansvale Public School", "level": "Primary School", "enrolment": 524.0, "lga": "Fairfield", "icsea": 934.0, "suburb": "CANLEY VALE", "postcode": 2166 }, "geometry": { "type": "Point", "coordinates": [ 150.953555, -33.890977 ] } },
{ "type": "Feature", "properties": { "name": "Bankstown West Public School", "level": "Primary School", "enrolment": 317.0, "lga": "Canterbury-Bankstown", "icsea": 992.0, "suburb": "Bankstown", "postcode": 2200 }, "geometry": { "type": "Point", "coordinates": [ 151.019639, -33.915528 ] } },
{ "type": "Feature", "properties": { "name": "Homebush West Public School", "level": "Primary School", "enrolment": 424.0, "lga": "Strathfield", "icsea": 1069.0, "suburb": "HOMEBUSH WEST", "postcode": 2140 }, "geometry": { "type": "Point", "coordinates": [ 151.06671, -33.866461 ] } },
{ "type": "Feature", "properties": { "name": "Glenfield Park School", "level": "Schools for Specific Purposes", "enrolment": 63.0, "lga": "Campbelltown (NSW)", "icsea": 896.0, "suburb": "Glenfield", "postcode": 2167 }, "geometry": { "type": "Point", "coordinates": [ 150.878601, -33.967931 ] } },
{ "type": "Feature", "properties": { "name": "Beverley Park School", "level": "Schools for Specific Purposes", "enrolment": 59.0, "lga": "Campbelltown (NSW)", "icsea": 967.0, "suburb": "Campbelltown ", "postcode": 2560 }, "geometry": { "type": "Point", "coordinates": [ 150.824219, -34.062208 ] } },
{ "type": "Feature", "properties": { "name": "Broderick Gillawarna School", "level": "Schools for Specific Purposes", "enrolment": 100.0, "lga": "Canterbury-Bankstown", "icsea": 1005.0, "suburb": "Revesby ", "postcode": 2212 }, "geometry": { "type": "Point", "coordinates": [ 151.015897, -33.942493 ] } },
{ "type": "Feature", "properties": { "name": "Tower Street Public School", "level": "Primary School", "enrolment": 154.0, "lga": "Canterbury-Bankstown", "icsea": 998.0, "suburb": "Panania ", "postcode": 2213 }, "geometry": { "type": "Point", "coordinates": [ 151.007373, -33.956383 ] } },
{ "type": "Feature", "properties": { "name": "Mount Pritchard East Public School", "level": "Primary School", "enrolment": 214.0, "lga": "Fairfield", "icsea": 943.0, "suburb": "Mount Pritchard ", "postcode": 2170 }, "geometry": { "type": "Point", "coordinates": [ 150.912044, -33.905097 ] } },
{ "type": "Feature", "properties": { "name": "Banksia Road Public School", "level": "Primary School", "enrolment": 512.0, "lga": "Canterbury-Bankstown", "icsea": 980.0, "suburb": "Greenacre ", "postcode": 2190 }, "geometry": { "type": "Point", "coordinates": [ 151.05011, -33.906898 ] } },
{ "type": "Feature", "properties": { "name": "Campbelltown East Public School", "level": "Primary School", "enrolment": 380.0, "lga": "Campbelltown (NSW)", "icsea": 927.0, "suburb": "Campbelltown ", "postcode": 2560 }, "geometry": { "type": "Point", "coordinates": [ 150.831753, -34.072299 ] } },
{ "type": "Feature", "properties": { "name": "Marsden Road Public School", "level": "Primary School", "enrolment": 726.0, "lga": "Liverpool", "icsea": 977.0, "suburb": "Liverpool ", "postcode": 2170 }, "geometry": { "type": "Point", "coordinates": [ 150.912841, -33.916491 ] } },
{ "type": "Feature", "properties": { "name": "Glenwood Public School", "level": "Primary School", "enrolment": 216.0, "lga": "Campbelltown (NSW)", "icsea": 988.0, "suburb": "Glenfield ", "postcode": 2167 }, "geometry": { "type": "Point", "coordinates": [ 150.903028, -33.974542 ] } },
{ "type": "Feature", "properties": { "name": "Caroline Chisholm School", "level": "Schools for Specific Purposes", "enrolment": 104.0, "lga": "Canterbury-Bankstown", "icsea": 1004.0, "suburb": "Padstow ", "postcode": 2211 }, "geometry": { "type": "Point", "coordinates": [ 151.02521, -33.936108 ] } },
{ "type": "Feature", "properties": { "name": "Rivendell School", "level": "Schools for Specific Purposes", "enrolment": 65.0, "lga": "Canada Bay", "icsea": 1095.0, "suburb": "Concord West ", "postcode": 2138 }, "geometry": { "type": "Point", "coordinates": [ 151.09845, -33.832948 ] } },
{ "type": "Feature", "properties": { "name": "Les Powell School", "level": "Schools for Specific Purposes", "enrolment": 76.0, "lga": "Fairfield", "icsea": 956.0, "suburb": "Mount Pritchard", "postcode": 2170 }, "geometry": { "type": "Point", "coordinates": [ 150.91237, -33.90434 ] } },
{ "type": "Feature", "properties": { "name": "Lucas Gardens School", "level": "Schools for Specific Purposes", "enrolment": 78.0, "lga": "Canada Bay", "icsea": 1057.0, "suburb": "Canada Bay", "postcode": 2046 }, "geometry": { "type": "Point", "coordinates": [ 151.113666, -33.868438 ] } },
{ "type": "Feature", "properties": { "name": "Blairmount Public School", "level": "Primary School", "enrolment": 450.0, "lga": "Campbelltown (NSW)", "icsea": 978.0, "suburb": "Blairmount ", "postcode": 2559 }, "geometry": { "type": "Point", "coordinates": [ 150.802444, -34.048007 ] } },
{ "type": "Feature", "properties": { "name": "Campbell House School", "level": "Schools for Specific Purposes", "enrolment": 60.0, "lga": "Campbelltown (NSW)", "icsea": 890.0, "suburb": "Glenfield", "postcode": 2167 }, "geometry": { "type": "Point", "coordinates": [ 150.882009, -33.968196 ] } },
{ "type": "Feature", "properties": { "name": "Ajuga School", "level": "Schools for Specific Purposes", "enrolment": 53.0, "lga": "Campbelltown (NSW)", "icsea": 900.0, "suburb": "Glenfield", "postcode": 2167 }, "geometry": { "type": "Point", "coordinates": [ 150.878033, -33.969521 ] } },
{ "type": "Feature", "properties": { "name": "Lomandra School", "level": "Schools for Specific Purposes", "enrolment": 75.0, "lga": "Campbelltown (NSW)", "icsea": 864.0, "suburb": "Campbelltown ", "postcode": 2560 }, "geometry": { "type": "Point", "coordinates": [ 150.824344, -34.06173 ] } },
{ "type": "Feature", "properties": { "name": "Rosemeadow Public School", "level": "Primary School", "enrolment": 724.0, "lga": "Campbelltown (NSW)", "icsea": 945.0, "suburb": "Rosemeadow ", "postcode": 2560 }, "geometry": { "type": "Point", "coordinates": [ 150.794537, -34.104647 ] } },
{ "type": "Feature", "properties": { "name": "Auburn Public School", "level": "Primary School", "enrolment": 486.0, "lga": "Cumberland", "icsea": 983.0, "suburb": "Auburn", "postcode": 2144 }, "geometry": { "type": "Point", "coordinates": [ 151.032953, -33.854 ] } },
{ "type": "Feature", "properties": { "name": "Bankstown Public School", "level": "Primary School", "enrolment": 736.0, "lga": "Canterbury-Bankstown", "icsea": 965.0, "suburb": "Bankstown ", "postcode": 2200 }, "geometry": { "type": "Point", "coordinates": [ 151.034168, -33.921122 ] } },
{ "type": "Feature", "properties": { "name": "Liverpool Public School", "level": "Primary School", "enrolment": 562.0, "lga": "Liverpool", "icsea": 960.0, "suburb": "Liverpool", "postcode": 2170 }, "geometry": { "type": "Point", "coordinates": [ 150.925924, -33.923572 ] } },
{ "type": "Feature", "properties": { "name": "Thomas Acres Public School", "level": "Primary School", "enrolment": 495.0, "lga": "Campbelltown (NSW)", "icsea": 942.0, "suburb": "Ambarvale ", "postcode": 2560 }, "geometry": { "type": "Point", "coordinates": [ 150.789247, -34.093621 ] } },
{ "type": "Feature", "properties": { "name": "Bonnyrigg Public School", "level": "Primary School", "enrolment": 238.0, "lga": "Fairfield", "icsea": 900.0, "suburb": "BONNYRIGG", "postcode": 2177 }, "geometry": { "type": "Point", "coordinates": [ 150.888962, -33.887728 ] } },
{ "type": "Feature", "properties": { "name": "Wiley Park Public School", "level": "Primary School", "enrolment": 550.0, "lga": "Canterbury-Bankstown", "icsea": 994.0, "suburb": "Wiley Park ", "postcode": 2195 }, "geometry": { "type": "Point", "coordinates": [ 151.068761, -33.924753 ] } },
{ "type": "Feature", "properties": { "name": "Prairievale Public School", "level": "Primary School", "enrolment": 419.0, "lga": "Fairfield", "icsea": 894.0, "suburb": "Bossley Park ", "postcode": 2176 }, "geometry": { "type": "Point", "coordinates": [ 150.890898, -33.866464 ] } },
{ "type": "Feature", "properties": { "name": "Eschol Park Public School", "level": "Primary School", "enrolment": 326.0, "lga": "Campbelltown (NSW)", "icsea": 979.0, "suburb": "Eschol Park ", "postcode": 2558 }, "geometry": { "type": "Point", "coordinates": [ 150.810838, -34.02834 ] } },
{ "type": "Feature", "properties": { "name": "William Stimson Public School", "level": "Primary School", "enrolment": 459.0, "lga": "Fairfield", "icsea": 973.0, "suburb": "Wetherill Park ", "postcode": 2164 }, "geometry": { "type": "Point", "coordinates": [ 150.905782, -33.854623 ] } },
{ "type": "Feature", "properties": { "name": "Governor Philip King Public School", "level": "Primary School", "enrolment": 568.0, "lga": "Fairfield", "icsea": 979.0, "suburb": "EDENSOR PARK", "postcode": 2176 }, "geometry": { "type": "Point", "coordinates": [ 150.879107, -33.873793 ] } },
{ "type": "Feature", "properties": { "name": "Robert Townson Public School", "level": "Primary School", "enrolment": 430.0, "lga": "Campbelltown (NSW)", "icsea": 988.0, "suburb": "Raby ", "postcode": 2566 }, "geometry": { "type": "Point", "coordinates": [ 150.818892, -34.016173 ] } },
{ "type": "Feature", "properties": { "name": "Edensor Park Public School", "level": "Primary School", "enrolment": 286.0, "lga": "Fairfield", "icsea": 963.0, "suburb": "Edensor Park ", "postcode": 2176 }, "geometry": { "type": "Point", "coordinates": [ 150.876121, -33.882056 ] } },
{ "type": "Feature", "properties": { "name": "Cabramatta High School", "level": "Secondary School", "enrolment": 1622.4, "lga": "Fairfield", "icsea": 934.0, "suburb": "Cabramatta ", "postcode": 2166 }, "geometry": { "type": "Point", "coordinates": [ 150.928913, -33.901422 ] } },
{ "type": "Feature", "properties": { "name": "Birrong Boys High School", "level": "Secondary School", "enrolment": 366.0, "lga": "Canterbury-Bankstown", "icsea": 937.0, "suburb": "Birrong ", "postcode": 2143 }, "geometry": { "type": "Point", "coordinates": [ 151.025024, -33.894047 ] } },
{ "type": "Feature", "properties": { "name": "Kearns Public School", "level": "Primary School", "enrolment": 178.0, "lga": "Campbelltown (NSW)", "icsea": 985.0, "suburb": "Kearns ", "postcode": 2558 }, "geometry": { "type": "Point", "coordinates": [ 150.804446, -34.021486 ] } },
{ "type": "Feature", "properties": { "name": "Bonnyrigg Heights Public School", "level": "Primary School", "enrolment": 769.0, "lga": "Fairfield", "icsea": 989.0, "suburb": "Bonnyrigg Heights ", "postcode": 2177 }, "geometry": { "type": "Point", "coordinates": [ 150.867681, -33.88935 ] } },
{ "type": "Feature", "properties": { "name": "Mount Annan Public School", "level": "Primary School", "enrolment": 653.0, "lga": "Camden", "icsea": 1005.0, "suburb": "Mount Annan ", "postcode": 2567 }, "geometry": { "type": "Point", "coordinates": [ 150.760497, -34.061714 ] } },
{ "type": "Feature", "properties": { "name": "Merrylands High School", "level": "Secondary School", "enrolment": 851.8, "lga": "Cumberland", "icsea": 915.0, "suburb": "Merrylands ", "postcode": 2160 }, "geometry": { "type": "Point", "coordinates": [ 150.96957, -33.840847 ] } },
{ "type": "Feature", "properties": { "name": "Sir Joseph Banks High School", "level": "Secondary School", "enrolment": 945.0, "lga": "Canterbury-Bankstown", "icsea": 949.0, "suburb": "Revesby ", "postcode": 2212 }, "geometry": { "type": "Point", "coordinates": [ 151.020907, -33.939698 ] } },
{ "type": "Feature", "properties": { "name": "St Helens Park Public School", "level": "Primary School", "enrolment": 363.0, "lga": "Campbelltown (NSW)", "icsea": 968.0, "suburb": "St Helens Park ", "postcode": 2560 }, "geometry": { "type": "Point", "coordinates": [ 150.804035, -34.110232 ] } },
{ "type": "Feature", "properties": { "name": "Hinchinbrook Public School", "level": "Primary School", "enrolment": 487.0, "lga": "Liverpool", "icsea": 959.0, "suburb": "Hinchinbrook", "postcode": 2168 }, "geometry": { "type": "Point", "coordinates": [ 150.85892, -33.912986 ] } },
{ "type": "Feature", "properties": { "name": "Narellan Vale Public School", "level": "Primary School", "enrolment": 619.0, "lga": "Camden", "icsea": 1006.0, "suburb": "Narellan Vale ", "postcode": 2567 }, "geometry": { "type": "Point", "coordinates": [ 150.744718, -34.056129 ] } },
{ "type": "Feature", "properties": { "name": "Greenway Park Public School", "level": "Primary School", "enrolment": 620.0, "lga": "Liverpool", "icsea": 1011.0, "suburb": "Carnes Hill ", "postcode": 2171 }, "geometry": { "type": "Point", "coordinates": [ 150.837554, -33.938001 ] } },
{ "type": "Feature", "properties": { "name": "Currans Hill Public School", "level": "Primary School", "enrolment": 545.0, "lga": "Camden", "icsea": 981.0, "suburb": "Currans Hill ", "postcode": 2567 }, "geometry": { "type": "Point", "coordinates": [ 150.769197, -34.04785 ] } },
{ "type": "Feature", "properties": { "name": "Ingleburn High School", "level": "Secondary School", "enrolment": 781.8, "lga": "Campbelltown (NSW)", "icsea": 957.0, "suburb": "Ingleburn ", "postcode": 2565 }, "geometry": { "type": "Point", "coordinates": [ 150.87152, -34.005121 ] } },
{ "type": "Feature", "properties": { "name": "Cecil Hills Public School", "level": "Primary School", "enrolment": 721.0, "lga": "Liverpool", "icsea": 1017.0, "suburb": "Cecil Hills ", "postcode": 2171 }, "geometry": { "type": "Point", "coordinates": [ 150.851731, -33.888597 ] } },
{ "type": "Feature", "properties": { "name": "John Warby Public School", "level": "Primary School", "enrolment": 228.0, "lga": "Campbelltown (NSW)", "icsea": 907.0, "suburb": "Airds ", "postcode": 2560 }, "geometry": { "type": "Point", "coordinates": [ 150.834434, -34.082225 ] } },
{ "type": "Feature", "properties": { "name": "St Andrews Public School", "level": "Primary School", "enrolment": 761.0, "lga": "Campbelltown (NSW)", "icsea": 995.0, "suburb": "St Andrews", "postcode": 2566 }, "geometry": { "type": "Point", "coordinates": [ 150.831362, -34.022532 ] } },
{ "type": "Feature", "properties": { "name": "Mount Annan High School", "level": "Secondary School", "enrolment": 876.0, "lga": "Camden", "icsea": 980.0, "suburb": "Mount Annan ", "postcode": 2567 }, "geometry": { "type": "Point", "coordinates": [ 150.760739, -34.057371 ] } },
{ "type": "Feature", "properties": { "name": "Ruse Public School", "level": "Primary School", "enrolment": 483.0, "lga": "Campbelltown (NSW)", "icsea": 973.0, "suburb": "Ruse ", "postcode": 2560 }, "geometry": { "type": "Point", "coordinates": [ 150.841573, -34.066949 ] } },
{ "type": "Feature", "properties": { "name": "Picnic Point High School", "level": "Secondary School", "enrolment": 865.0, "lga": "Canterbury-Bankstown", "icsea": 1018.0, "suburb": "PICNIC POINT", "postcode": 2213 }, "geometry": { "type": "Point", "coordinates": [ 151.011457, -33.964344 ] } },
{ "type": "Feature", "properties": { "name": "Campbellfield Public School", "level": "Primary School", "enrolment": 351.0, "lga": "Campbelltown (NSW)", "icsea": 992.0, "suburb": "Minto ", "postcode": 2566 }, "geometry": { "type": "Point", "coordinates": [ 150.847422, -34.037684 ] } },
{ "type": "Feature", "properties": { "name": "Sackville Street Public School", "level": "Primary School", "enrolment": 474.0, "lga": "Campbelltown (NSW)", "icsea": 971.0, "suburb": "INGLEBURN", "postcode": 2565 }, "geometry": { "type": "Point", "coordinates": [ 150.863607, -34.011068 ] } },
{ "type": "Feature", "properties": { "name": "Woodland Road Public School", "level": "Primary School", "enrolment": 275.0, "lga": "Campbelltown (NSW)", "icsea": 959.0, "suburb": "ST HELENS PARK", "postcode": 2560 }, "geometry": { "type": "Point", "coordinates": [ 150.815078, -34.097072 ] } },
{ "type": "Feature", "properties": { "name": "Newbridge Heights Public School", "level": "Primary School", "enrolment": 440.0, "lga": "Liverpool", "icsea": 1055.0, "suburb": "CHIPPING NORTON", "postcode": 2170 }, "geometry": { "type": "Point", "coordinates": [ 150.952069, -33.926068 ] } },
{ "type": "Feature", "properties": { "name": "Ambarvale Public School", "level": "Primary School", "enrolment": 433.0, "lga": "Campbelltown (NSW)", "icsea": 944.0, "suburb": "Ambarvale ", "postcode": 2560 }, "geometry": { "type": "Point", "coordinates": [ 150.798192, -34.086423 ] } },
{ "type": "Feature", "properties": { "name": "Sarah Redfern Public School", "level": "Primary School", "enrolment": 311.0, "lga": "Campbelltown (NSW)", "icsea": 991.0, "suburb": "Minto", "postcode": 2566 }, "geometry": { "type": "Point", "coordinates": [ 150.85091, -34.02765 ] } },
{ "type": "Feature", "properties": { "name": "Holroyd High School", "level": "Secondary School", "enrolment": 547.0, "lga": "Cumberland", "icsea": 919.0, "suburb": "Greystanes ", "postcode": 2145 }, "geometry": { "type": "Point", "coordinates": [ 150.951137, -33.832906 ] } },
{ "type": "Feature", "properties": { "name": "Granville South Creative and Performing Arts High School", "level": "Secondary School", "enrolment": 733.0, "lga": "Cumberland", "icsea": 855.0, "suburb": "Guildford", "postcode": 2161 }, "geometry": { "type": "Point", "coordinates": [ 150.997598, -33.860626 ] } },
{ "type": "Feature", "properties": { "name": "Claymore Public School", "level": "Primary School", "enrolment": 236.0, "lga": "Campbelltown (NSW)", "icsea": 903.0, "suburb": "Claymore ", "postcode": 2559 }, "geometry": { "type": "Point", "coordinates": [ 150.809517, -34.043125 ] } },
{ "type": "Feature", "properties": { "name": "The Grange Public School", "level": "Primary School", "enrolment": 282.0, "lga": "Campbelltown (NSW)", "icsea": 981.0, "suburb": "MINTO", "postcode": 2566 }, "geometry": { "type": "Point", "coordinates": [ 150.857358, -34.022051 ] } },
{ "type": "Feature", "properties": { "name": "Mary Brooksbank School", "level": "Schools for Specific Purposes", "enrolment": 123.0, "lga": "Campbelltown (NSW)", "icsea": 1000.0, "suburb": "Rosemeadow ", "postcode": 2560 }, "geometry": { "type": "Point", "coordinates": [ 150.792742, -34.09782 ] } },
{ "type": "Feature", "properties": { "name": "Canterbury Vale School", "level": "Schools for Specific Purposes", "enrolment": 36.0, "lga": "Canterbury-Bankstown", "icsea": 921.0, "suburb": "Lakemba ", "postcode": 2195 }, "geometry": { "type": "Point", "coordinates": [ 151.074514, -33.915685 ] } },
{ "type": "Feature", "properties": { "name": "Hurlstone Agricultural High School", "level": "Secondary School", "enrolment": 933.6, "lga": "Campbelltown (NSW)", "icsea": 1147.0, "suburb": "Glenfield ", "postcode": 2167 }, "geometry": { "type": "Point", "coordinates": [ 150.893629, -33.970383 ] } },
{ "type": "Feature", "properties": { "name": "Homebush Boys High School", "level": "Secondary School", "enrolment": 891.0, "lga": "Strathfield", "icsea": 1043.0, "suburb": "Homebush ", "postcode": 2140 }, "geometry": { "type": "Point", "coordinates": [ 151.077132, -33.866059 ] } },
{ "type": "Feature", "properties": { "name": "Strathfield Girls High School", "level": "Secondary School", "enrolment": 1061.3, "lga": "Strathfield", "icsea": 1077.0, "suburb": "Strathfield ", "postcode": 2135 }, "geometry": { "type": "Point", "coordinates": [ 151.084571, -33.873901 ] } },
{ "type": "Feature", "properties": { "name": "Liverpool Girls High School", "level": "Secondary School", "enrolment": 704.0, "lga": "Liverpool", "icsea": 941.0, "suburb": "Liverpool ", "postcode": 2170 }, "geometry": { "type": "Point", "coordinates": [ 150.931475, -33.917986 ] } },
{ "type": "Feature", "properties": { "name": "St Johns Park High School", "level": "Secondary School", "enrolment": 921.2, "lga": "Fairfield", "icsea": 927.0, "suburb": "St Johns Park ", "postcode": 2176 }, "geometry": { "type": "Point", "coordinates": [ 150.892002, -33.873073 ] } },
{ "type": "Feature", "properties": { "name": "Campbelltown Performing Arts High School", "level": "Secondary School", "enrolment": 892.8, "lga": "Campbelltown (NSW)", "icsea": 950.0, "suburb": "Campbelltown ", "postcode": 2560 }, "geometry": { "type": "Point", "coordinates": [ 150.822959, -34.060108 ] } },
{ "type": "Feature", "properties": { "name": "Punchbowl Boys High School", "level": "Secondary School", "enrolment": 472.0, "lga": "Canterbury-Bankstown", "icsea": 923.0, "suburb": "Punchbowl ", "postcode": 2196 }, "geometry": { "type": "Point", "coordinates": [ 151.052954, -33.924027 ] } },
{ "type": "Feature", "properties": { "name": "Liverpool Boys High School", "level": "Secondary School", "enrolment": 548.9, "lga": "Liverpool", "icsea": 925.0, "suburb": "LIVERPOOL", "postcode": 2170 }, "geometry": { "type": "Point", "coordinates": [ 150.93154, -33.917157 ] } },
{ "type": "Feature", "properties": { "name": "East Hills Girls Technology High School", "level": "Secondary School", "enrolment": 758.6, "lga": "Canterbury-Bankstown", "icsea": 1031.0, "suburb": "Panania ", "postcode": 2213 }, "geometry": { "type": "Point", "coordinates": [ 150.992016, -33.956866 ] } },
{ "type": "Feature", "properties": { "name": "East Hills Boys High School", "level": "Secondary School", "enrolment": 843.0, "lga": "Canterbury-Bankstown", "icsea": 1013.0, "suburb": "Panania ", "postcode": 2213 }, "geometry": { "type": "Point", "coordinates": [ 150.994115, -33.957229 ] } },
{ "type": "Feature", "properties": { "name": "Picton High School", "level": "Secondary School", "enrolment": 1182.0, "lga": "Wollondilly", "icsea": 950.0, "suburb": "Picton ", "postcode": 2571 }, "geometry": { "type": "Point", "coordinates": [ 150.608418, -34.194467 ] } },
{ "type": "Feature", "properties": { "name": "Camden High School", "level": "Secondary School", "enrolment": 911.6, "lga": "Camden", "icsea": 976.0, "suburb": "Camden ", "postcode": 2570 }, "geometry": { "type": "Point", "coordinates": [ 150.6777325, -34.0793994 ] } },
{ "type": "Feature", "properties": { "name": "Bass High School", "level": "Secondary School", "enrolment": 871.2, "lga": "Canterbury-Bankstown", "icsea": 927.0, "suburb": "Bass Hill", "postcode": 2197 }, "geometry": { "type": "Point", "coordinates": [ 150.989379, -33.897941 ] } },
{ "type": "Feature", "properties": { "name": "Strathfield South High School", "level": "Secondary School", "enrolment": 549.0, "lga": "Strathfield", "icsea": 961.0, "suburb": "Enfield ", "postcode": 2136 }, "geometry": { "type": "Point", "coordinates": [ 151.071235, -33.885382 ] } },
{ "type": "Feature", "properties": { "name": "Auburn Girls High School", "level": "Secondary School", "enrolment": 853.3, "lga": "Cumberland", "icsea": 966.0, "suburb": "Auburn ", "postcode": 2144 }, "geometry": { "type": "Point", "coordinates": [ 151.033681, -33.84288 ] } },
{ "type": "Feature", "properties": { "name": "Bankstown Girls High School", "level": "Secondary School", "enrolment": 551.0, "lga": "Canterbury-Bankstown", "icsea": 964.0, "suburb": "Bankstown", "postcode": 2200 }, "geometry": { "type": "Point", "coordinates": [ 151.032138, -33.920754 ] } },
{ "type": "Feature", "properties": { "name": "Beverly Hills Girls High School", "level": "Secondary School", "enrolment": 1003.0, "lga": "Georges River", "icsea": 1003.0, "suburb": "Beverly Hills ", "postcode": 2209 }, "geometry": { "type": "Point", "coordinates": [ 151.078627, -33.948461 ] } },
{ "type": "Feature", "properties": { "name": "Thomas Reddall High School", "level": "Secondary School", "enrolment": 488.0, "lga": "Campbelltown (NSW)", "icsea": 908.0, "suburb": "Ambarvale", "postcode": 2560 }, "geometry": { "type": "Point", "coordinates": [ 150.801488, -34.082029 ] } },
{ "type": "Feature", "properties": { "name": "Belmore Boys High School", "level": "Secondary School", "enrolment": 614.0, "lga": "Canterbury-Bankstown", "icsea": 953.0, "suburb": "Belmore ", "postcode": 2192 }, "geometry": { "type": "Point", "coordinates": [ 151.085575, -33.910796 ] } },
{ "type": "Feature", "properties": { "name": "Granville Boys High School", "level": "Secondary School", "enrolment": 832.5, "lga": "Cumberland", "icsea": 961.0, "suburb": "Granville ", "postcode": 2142 }, "geometry": { "type": "Point", "coordinates": [ 151.008817, -33.834618 ] } },
{ "type": "Feature", "properties": { "name": "Bonnyrigg High School", "level": "Secondary School", "enrolment": 1641.2, "lga": "Fairfield", "icsea": 962.0, "suburb": "Bonnyrigg ", "postcode": 2177 }, "geometry": { "type": "Point", "coordinates": [ 150.893167, -33.894982 ] } },
{ "type": "Feature", "properties": { "name": "Sefton High School", "level": "Secondary School", "enrolment": 1121.0, "lga": "Canterbury-Bankstown", "icsea": 1033.0, "suburb": "SEFTON", "postcode": 2162 }, "geometry": { "type": "Point", "coordinates": [ 151.008799, -33.879538 ] } },
{ "type": "Feature", "properties": { "name": "Newington Public School", "level": "Primary School", "enrolment": 665.0, "lga": "Parramatta", "icsea": 1104.0, "suburb": "Newington ", "postcode": 2127 }, "geometry": { "type": "Point", "coordinates": [ 151.055228, -33.841151 ] } },
{ "type": "Feature", "properties": { "name": "Harrington Park Public School", "level": "Primary School", "enrolment": 731.0, "lga": "Camden", "icsea": 1035.0, "suburb": "HARRINGTON PARK", "postcode": 2567 }, "geometry": { "type": "Point", "coordinates": [ 150.738527, -34.027145 ] } },
{ "type": "Feature", "properties": { "name": "Dalmeny Public School", "level": "Primary School", "enrolment": 671.0, "lga": "Liverpool", "icsea": 1012.0, "suburb": "Prestons ", "postcode": 2170 }, "geometry": { "type": "Point", "coordinates": [ 150.871393, -33.947297 ] } },
{ "type": "Feature", "properties": { "name": "Chester Hill High School", "level": "Secondary School", "enrolment": 1056.0, "lga": "Canterbury-Bankstown", "icsea": 912.0, "suburb": "Chester Hill", "postcode": 2162 }, "geometry": { "type": "Point", "coordinates": [ 150.995411, -33.874032 ] } },
{ "type": "Feature", "properties": { "name": "Cecil Hills High School", "level": "Secondary School", "enrolment": 1340.4, "lga": "Liverpool", "icsea": 986.0, "suburb": "Cecil Hills ", "postcode": 2171 }, "geometry": { "type": "Point", "coordinates": [ 150.852043, -33.895704 ] } },
{ "type": "Feature", "properties": { "name": "John Edmondson High School", "level": "Secondary School", "enrolment": 1084.0, "lga": "Liverpool", "icsea": 982.0, "suburb": "HORNINGSEA PARK", "postcode": 2171 }, "geometry": { "type": "Point", "coordinates": [ 150.843226, -33.946 ] } },
{ "type": "Feature", "properties": { "name": "Elderslie Public School", "level": "Primary School", "enrolment": 539.0, "lga": "Camden", "icsea": 1011.0, "suburb": "Elderslie", "postcode": 2570 }, "geometry": { "type": "Point", "coordinates": [ 150.721773, -34.054473 ] } },
{ "type": "Feature", "properties": { "name": "Middleton Grange Public School", "level": "Primary School", "enrolment": 465.0, "lga": "Liverpool", "icsea": 1010.0, "suburb": "Middleton Grange", "postcode": 2171 }, "geometry": { "type": "Point", "coordinates": [ 150.848199, -33.917335 ] } },
{ "type": "Feature", "properties": { "name": "Merrylands East Public School", "level": "Primary School", "enrolment": 347.0, "lga": "Cumberland", "icsea": 955.0, "suburb": "Merrylands ", "postcode": 2160 }, "geometry": { "type": "Point", "coordinates": [ 150.98929, -33.841954 ] } },
{ "type": "Feature", "properties": { "name": "Eastern Creek Public School", "level": "Primary School", "enrolment": 246.0, "lga": "Blacktown", "icsea": 976.0, "suburb": "EASTERN CREEK", "postcode": 2766 }, "geometry": { "type": "Point", "coordinates": [ 150.852624, -33.787013 ] } },
{ "type": "Feature", "properties": { "name": "Granville East Public School", "level": "Primary School", "enrolment": 259.0, "lga": "Cumberland", "icsea": 923.0, "suburb": "Granville ", "postcode": 2142 }, "geometry": { "type": "Point", "coordinates": [ 151.009981, -33.84827 ] } },
{ "type": "Feature", "properties": { "name": "Emu Plains Public School", "level": "Primary School", "enrolment": 406.0, "lga": "Penrith", "icsea": 993.0, "suburb": "Emu Plains ", "postcode": 2750 }, "geometry": { "type": "Point", "coordinates": [ 150.657739, -33.755617 ] } },
{ "type": "Feature", "properties": { "name": "Passfield Park School", "level": "Schools for Specific Purposes", "enrolment": 98.0, "lga": "Campbelltown (NSW)", "icsea": 1019.0, "suburb": "Minto", "postcode": 2566 }, "geometry": { "type": "Point", "coordinates": [ 150.850907, -34.023862 ] } },
{ "type": "Feature", "properties": { "name": "Freemans Reach Public School", "level": "Primary School", "enrolment": 194.0, "lga": "Hawkesbury", "icsea": 957.0, "suburb": "FREEMANS REACH", "postcode": 2756 }, "geometry": { "type": "Point", "coordinates": [ 150.799309, -33.558697 ] } },
{ "type": "Feature", "properties": { "name": "Wangee Park School", "level": "Schools for Specific Purposes", "enrolment": 51.0, "lga": "Canterbury-Bankstown", "icsea": 1011.0, "suburb": "Campsie", "postcode": 2194 }, "geometry": { "type": "Point", "coordinates": [ 151.095881, -33.908248 ] } },
{ "type": "Feature", "properties": { "name": "Glenbrook Public School", "level": "Primary School", "enrolment": 338.0, "lga": "Blue Mountains", "icsea": 1120.0, "suburb": "Glenbrook ", "postcode": 2773 }, "geometry": { "type": "Point", "coordinates": [ 150.6177045, -33.7656978 ] } },
{ "type": "Feature", "properties": { "name": "Karningul School", "level": "Schools for Specific Purposes", "enrolment": 20.0, "lga": "Canterbury-Bankstown", "icsea": 919.0, "suburb": "Regents Park ", "postcode": 2143 }, "geometry": { "type": "Point", "coordinates": [ 151.023804, -33.88501 ] } },
{ "type": "Feature", "properties": { "name": "Mainsbridge School", "level": "Schools for Specific Purposes", "enrolment": 125.0, "lga": "Liverpool", "icsea": 949.0, "suburb": "Warwick Farm", "postcode": 2170 }, "geometry": { "type": "Point", "coordinates": [ 150.928233, -33.90964 ] } },
{ "type": "Feature", "properties": { "name": "Lawrence Hargrave School", "level": "Schools for Specific Purposes", "enrolment": 59.0, "lga": "Liverpool", "icsea": 862.0, "suburb": "Warwick Farm ", "postcode": 2170 }, "geometry": { "type": "Point", "coordinates": [ 150.935355, -33.908215 ] } },
{ "type": "Feature", "properties": { "name": "Holroyd School", "level": "Schools for Specific Purposes", "enrolment": 189.0, "lga": "Cumberland", "icsea": 983.0, "suburb": "Merrylands ", "postcode": 2160 }, "geometry": { "type": "Point", "coordinates": [ 150.981664, -33.828906 ] } },
{ "type": "Feature", "properties": { "name": "Hoxton Park High School", "level": "Secondary School", "enrolment": 894.8, "lga": "Liverpool", "icsea": 940.0, "suburb": "Hinchinbrook ", "postcode": 2168 }, "geometry": { "type": "Point", "coordinates": [ 150.86162, -33.92 ] } },
{ "type": "Feature", "properties": { "name": "Kurrajong Public School", "level": "Primary School", "enrolment": 139.0, "lga": "Hawkesbury", "icsea": 1051.0, "suburb": "Kurrajong ", "postcode": 2758 }, "geometry": { "type": "Point", "coordinates": [ 150.662653, -33.555196 ] } },
{ "type": "Feature", "properties": { "name": "Airds High School", "level": "Secondary School", "enrolment": 542.0, "lga": "Campbelltown (NSW)", "icsea": 875.0, "suburb": "Campbelltown", "postcode": 2560 }, "geometry": { "type": "Point", "coordinates": [ 150.827109, -34.086883 ] } },
{ "type": "Feature", "properties": { "name": "James Meehan High School", "level": "Secondary School", "enrolment": 394.6, "lga": "Campbelltown (NSW)", "icsea": 884.0, "suburb": "Macquarie Fields ", "postcode": 2564 }, "geometry": { "type": "Point", "coordinates": [ 150.892287, -33.988351 ] } },
{ "type": "Feature", "properties": { "name": "Moorebank High School", "level": "Secondary School", "enrolment": 992.0, "lga": "Liverpool", "icsea": 1022.0, "suburb": "Moorebank ", "postcode": 2170 }, "geometry": { "type": "Point", "coordinates": [ 150.958685, -33.925772 ] } },
{ "type": "Feature", "properties": { "name": "Elderslie High School", "level": "Secondary School", "enrolment": 857.0, "lga": "Camden", "icsea": 988.0, "suburb": "NARELLAN", "postcode": 2567 }, "geometry": { "type": "Point", "coordinates": [ 150.715295, -34.052603 ] } },
{ "type": "Feature", "properties": { "name": "Leumeah High School", "level": "Secondary School", "enrolment": 691.0, "lga": "Campbelltown (NSW)", "icsea": 972.0, "suburb": "Leumeah ", "postcode": 2560 }, "geometry": { "type": "Point", "coordinates": [ 150.84737, -34.054339 ] } },
{ "type": "Feature", "properties": { "name": "Luddenham Public School", "level": "Primary School", "enrolment": 35.0, "lga": "Liverpool", "icsea": 911.0, "suburb": "LUDDENHAM", "postcode": 2745 }, "geometry": { "type": "Point", "coordinates": [ 150.691523, -33.881331 ] } },
{ "type": "Feature", "properties": { "name": "Concord High School", "level": "Secondary School", "enrolment": 1205.0, "lga": "Canada Bay", "icsea": 1068.0, "suburb": "Concord ", "postcode": 2137 }, "geometry": { "type": "Point", "coordinates": [ 151.109271, -33.864062 ] } },
{ "type": "Feature", "properties": { "name": "Maraylya Public School", "level": "Primary School", "enrolment": 106.0, "lga": "Hawkesbury", "icsea": 1018.0, "suburb": "Maraylya ", "postcode": 2765 }, "geometry": { "type": "Point", "coordinates": [ 150.916264, -33.592681 ] } },
{ "type": "Feature", "properties": { "name": "Maroota Public School", "level": "Primary School", "enrolment": 31.0, "lga": "The Hills", "icsea": 950.0, "suburb": "MAROOTA", "postcode": 2756 }, "geometry": { "type": "Point", "coordinates": [ 150.99365, -33.455283 ] } },
{ "type": "Feature", "properties": { "name": "Fairfield High School", "level": "Secondary School", "enrolment": 1123.0, "lga": "Fairfield", "icsea": 878.0, "suburb": "Fairfield ", "postcode": 2165 }, "geometry": { "type": "Point", "coordinates": [ 150.958647, -33.865214 ] } },
{ "type": "Feature", "properties": { "name": "Sarah Redfern High School", "level": "Secondary School", "enrolment": 652.0, "lga": "Campbelltown (NSW)", "icsea": 967.0, "suburb": "Minto", "postcode": 2566 }, "geometry": { "type": "Point", "coordinates": [ 150.85088, -34.026782 ] } },
{ "type": "Feature", "properties": { "name": "Macquarie Fields High School", "level": "Secondary School", "enrolment": 1089.0, "lga": "Campbelltown (NSW)", "icsea": 1081.0, "suburb": "Macquarie Fields ", "postcode": 2564 }, "geometry": { "type": "Point", "coordinates": [ 150.884901, -33.996784 ] } },
{ "type": "Feature", "properties": { "name": "Prairiewood High School", "level": "Secondary School", "enrolment": 1283.9, "lga": "Fairfield", "icsea": 978.0, "suburb": "PRAIRIEWOOD", "postcode": 2176 }, "geometry": { "type": "Point", "coordinates": [ 150.901709, -33.85948 ] } },
{ "type": "Feature", "properties": { "name": "Holsworthy High School", "level": "Secondary School", "enrolment": 693.0, "lga": "Liverpool", "icsea": 1000.0, "suburb": "Holsworthy", "postcode": 2173 }, "geometry": { "type": "Point", "coordinates": [ 150.95232, -33.955528 ] } },
{ "type": "Feature", "properties": { "name": "Oakville Public School", "level": "Primary School", "enrolment": 612.0, "lga": "Hawkesbury", "icsea": 1032.0, "suburb": "Oakville", "postcode": 2765 }, "geometry": { "type": "Point", "coordinates": [ 150.87054, -33.620452 ] } },
{ "type": "Feature", "properties": { "name": "Eagle Vale Sports High School", "level": "Secondary School", "enrolment": 662.0, "lga": "Campbelltown (NSW)", "icsea": 932.0, "suburb": "Eagle Vale", "postcode": 2558 }, "geometry": { "type": "Point", "coordinates": [ 150.803543, -34.039942 ] } },
{ "type": "Feature", "properties": { "name": "Ambarvale High School", "level": "Secondary School", "enrolment": 807.0, "lga": "Campbelltown (NSW)", "icsea": 925.0, "suburb": "Rosemeadow ", "postcode": 2560 }, "geometry": { "type": "Point", "coordinates": [ 150.801938, -34.099984 ] } },
{ "type": "Feature", "properties": { "name": "Robert Townson High School", "level": "Secondary School", "enrolment": 741.8, "lga": "Campbelltown (NSW)", "icsea": 963.0, "suburb": "Raby ", "postcode": 2566 }, "geometry": { "type": "Point", "coordinates": [ 150.817995, -34.01533 ] } },
{ "type": "Feature", "properties": { "name": "Bossley Park High School", "level": "Secondary School", "enrolment": 1104.9, "lga": "Fairfield", "icsea": 961.0, "suburb": "Bossley Park ", "postcode": 2176 }, "geometry": { "type": "Point", "coordinates": [ 150.875379, -33.870958 ] } },
{ "type": "Feature", "properties": { "name": "Elizabeth Macarthur High School", "level": "Secondary School", "enrolment": 1399.2, "lga": "Camden", "icsea": 1014.0, "suburb": "Narellan ", "postcode": 2567 }, "geometry": { "type": "Point", "coordinates": [ 150.740091, -34.057072 ] } },
{ "type": "Feature", "properties": { "name": "Birrong Girls High School", "level": "Secondary School", "enrolment": 726.0, "lga": "Canterbury-Bankstown", "icsea": 956.0, "suburb": "Birrong ", "postcode": 2143 }, "geometry": { "type": "Point", "coordinates": [ 151.025708, -33.88948 ] } },
{ "type": "Feature", "properties": { "name": "Wiley Park Girls High School", "level": "Secondary School", "enrolment": 588.0, "lga": "Canterbury-Bankstown", "icsea": 954.0, "suburb": "Punchbowl ", "postcode": 2196 }, "geometry": { "type": "Point", "coordinates": [ 151.066545, -33.924357 ] } },
{ "type": "Feature", "properties": { "name": "Bilpin Public School", "level": "Primary School", "enrolment": 37.0, "lga": "Hawkesbury", "icsea": 1033.0, "suburb": "Bilpin ", "postcode": 2758 }, "geometry": { "type": "Point", "coordinates": [ 150.516765, -33.497331 ] } },
{ "type": "Feature", "properties": { "name": "Regentville Public School", "level": "Primary School", "enrolment": 523.0, "lga": "Penrith", "icsea": 1003.0, "suburb": "Regentville ", "postcode": 2745 }, "geometry": { "type": "Point", "coordinates": [ 150.668311, -33.77728 ] } },
{ "type": "Feature", "properties": { "name": "Richmond North Public School", "level": "Primary School", "enrolment": 309.0, "lga": "Hawkesbury", "icsea": 984.0, "suburb": "NORTH RICHMOND", "postcode": 2754 }, "geometry": { "type": "Point", "coordinates": [ 150.716871, -33.580591 ] } },
{ "type": "Feature", "properties": { "name": "Blaxland Public School", "level": "Primary School", "enrolment": 137.0, "lga": "Blue Mountains", "icsea": 1068.0, "suburb": "Blaxland", "postcode": 2774 }, "geometry": { "type": "Point", "coordinates": [ 150.603489, -33.737103 ] } },
{ "type": "Feature", "properties": { "name": "Colo Heights Public School", "level": "Primary School", "enrolment": 29.0, "lga": "Hawkesbury", "icsea": 949.0, "suburb": "Colo Heights", "postcode": 2756 }, "geometry": { "type": "Point", "coordinates": [ 150.739776, -33.372972 ] } },
{ "type": "Feature", "properties": { "name": "Rydalmere Public School", "level": "Primary School", "enrolment": 151.0, "lga": "Parramatta", "icsea": 1018.0, "suburb": "RYDALMERE", "postcode": 2116 }, "geometry": { "type": "Point", "coordinates": [ 151.044705, -33.814317 ] } },
{ "type": "Feature", "properties": { "name": "Burnside Public School", "level": "Primary School", "enrolment": 218.0, "lga": "Parramatta", "icsea": 1124.0, "suburb": "North Parramatta ", "postcode": 2151 }, "geometry": { "type": "Point", "coordinates": [ 151.018316, -33.79258 ] } },
{ "type": "Feature", "properties": { "name": "Cattai Public School", "level": "Primary School", "enrolment": 57.0, "lga": "Hawkesbury", "icsea": 990.0, "suburb": "Cattai ", "postcode": 2756 }, "geometry": { "type": "Point", "coordinates": [ 150.906904, -33.558762 ] } },
{ "type": "Feature", "properties": { "name": "Seven Hills North Public School", "level": "Primary School", "enrolment": 246.0, "lga": "Blacktown", "icsea": 1066.0, "suburb": "Seven Hills ", "postcode": 2147 }, "geometry": { "type": "Point", "coordinates": [ 150.955041, -33.759976 ] } },
{ "type": "Feature", "properties": { "name": "Springwood Public School", "level": "Primary School", "enrolment": 370.0, "lga": "Blue Mountains", "icsea": 1059.0, "suburb": "Springwood ", "postcode": 2777 }, "geometry": { "type": "Point", "coordinates": [ 150.573472, -33.704613 ] } },
{ "type": "Feature", "properties": { "name": "Colyton Public School", "level": "Primary School", "enrolment": 714.0, "lga": "Blacktown", "icsea": 1007.0, "suburb": "Mount Druitt ", "postcode": 2770 }, "geometry": { "type": "Point", "coordinates": [ 150.81316, -33.777199 ] } },
{ "type": "Feature", "properties": { "name": "Westfields Sports High School", "level": "Secondary School", "enrolment": 1537.8, "lga": "Fairfield", "icsea": 967.0, "suburb": "FAIRFIELD WEST", "postcode": 2165 }, "geometry": { "type": "Point", "coordinates": [ 150.920432, -33.866933 ] } },
{ "type": "Feature", "properties": { "name": "Comleroy Road Public School", "level": "Primary School", "enrolment": 144.0, "lga": "Hawkesbury", "icsea": 987.0, "suburb": "Kurrajong", "postcode": 2758 }, "geometry": { "type": "Point", "coordinates": [ 150.69763, -33.506475 ] } },
{ "type": "Feature", "properties": { "name": "Doonside Public School", "level": "Primary School", "enrolment": 258.0, "lga": "Blacktown", "icsea": 900.0, "suburb": "DOONSIDE", "postcode": 2767 }, "geometry": { "type": "Point", "coordinates": [ 150.870497, -33.764557 ] } },
{ "type": "Feature", "properties": { "name": "Canley Vale High School", "level": "Secondary School", "enrolment": 1651.0, "lga": "Fairfield", "icsea": 954.0, "suburb": "Canley Vale ", "postcode": 2166 }, "geometry": { "type": "Point", "coordinates": [ 150.951658, -33.884644 ] } },
{ "type": "Feature", "properties": { "name": "Miller High School", "level": "Secondary School", "enrolment": 816.0, "lga": "Liverpool", "icsea": 878.0, "suburb": "MILLER", "postcode": 2168 }, "geometry": { "type": "Point", "coordinates": [ 150.881139, -33.923589 ] } },
{ "type": "Feature", "properties": { "name": "Ashcroft High School", "level": "Secondary School", "enrolment": 701.0, "lga": "Liverpool", "icsea": 877.0, "suburb": "Ashcroft", "postcode": 2168 }, "geometry": { "type": "Point", "coordinates": [ 150.897272, -33.920414 ] } },
{ "type": "Feature", "properties": { "name": "Wisemans Ferry Public School", "level": "Primary School", "enrolment": 44.0, "lga": "The Hills", "icsea": 946.0, "suburb": "Wisemans Ferry ", "postcode": 2775 }, "geometry": { "type": "Point", "coordinates": [ 150.984133, -33.385958 ] } },
{ "type": "Feature", "properties": { "name": "Warragamba Public School", "level": "Primary School", "enrolment": 434.0, "lga": "Wollondilly", "icsea": 958.0, "suburb": "WARRAGAMBA", "postcode": 2752 }, "geometry": { "type": "Point", "coordinates": [ 150.60539, -33.890924 ] } },
{ "type": "Feature", "properties": { "name": "Parramatta East Public School", "level": "Primary School", "enrolment": 465.0, "lga": "Parramatta", "icsea": 1091.0, "suburb": "Parramatta ", "postcode": 2150 }, "geometry": { "type": "Point", "coordinates": [ 151.017766, -33.806081 ] } },
{ "type": "Feature", "properties": { "name": "Condell Park High School", "level": "Secondary School", "enrolment": 876.0, "lga": "Canterbury-Bankstown", "icsea": 936.0, "suburb": "Condell Park", "postcode": 2200 }, "geometry": { "type": "Point", "coordinates": [ 151.001755, -33.923579 ] } },
{ "type": "Feature", "properties": { "name": "Lurnea High School", "level": "Secondary School", "enrolment": 694.6, "lga": "Liverpool", "icsea": 902.0, "suburb": "LURNEA", "postcode": 2170 }, "geometry": { "type": "Point", "coordinates": [ 150.896043, -33.941743 ] } },
{ "type": "Feature", "properties": { "name": "Fairvale High School", "level": "Secondary School", "enrolment": 1320.0, "lga": "Fairfield", "icsea": 912.0, "suburb": "Fairfield West ", "postcode": 2165 }, "geometry": { "type": "Point", "coordinates": [ 150.929459, -33.873614 ] } },
{ "type": "Feature", "properties": { "name": "James Busby High School", "level": "Secondary School", "enrolment": 544.0, "lga": "Liverpool", "icsea": 902.0, "suburb": "Green Valley ", "postcode": 2168 }, "geometry": { "type": "Point", "coordinates": [ 150.874039, -33.908964 ] } },
{ "type": "Feature", "properties": { "name": "Casula High School", "level": "Secondary School", "enrolment": 1280.0, "lga": "Liverpool", "icsea": 957.0, "suburb": "Casula ", "postcode": 2170 }, "geometry": { "type": "Point", "coordinates": [ 150.8937, -33.95123 ] } },
{ "type": "Feature", "properties": { "name": "Kurrajong East Public School", "level": "Primary School", "enrolment": 81.0, "lga": "Hawkesbury", "icsea": 974.0, "suburb": "EAST KURRAJONG", "postcode": 2758 }, "geometry": { "type": "Point", "coordinates": [ 150.77726, -33.511172 ] } },
{ "type": "Feature", "properties": { "name": "Kurrajong North Public School", "level": "Primary School", "enrolment": 67.0, "lga": "Hawkesbury", "icsea": 1018.0, "suburb": "KURRAJONG HILLS", "postcode": 2758 }, "geometry": { "type": "Point", "coordinates": [ 150.639446, -33.541815 ] } },
{ "type": "Feature", "properties": { "name": "Llandilo Public School", "level": "Primary School", "enrolment": 155.0, "lga": "Penrith", "icsea": 941.0, "suburb": "Llandilo", "postcode": 2747 }, "geometry": { "type": "Point", "coordinates": [ 150.751783, -33.707237 ] } },
{ "type": "Feature", "properties": { "name": "Londonderry Public School", "level": "Primary School", "enrolment": 235.0, "lga": "Penrith", "icsea": 939.0, "suburb": "Londonderry ", "postcode": 2753 }, "geometry": { "type": "Point", "coordinates": [ 150.736905, -33.647454 ] } },
{ "type": "Feature", "properties": { "name": "Windsor South Public School", "level": "Primary School", "enrolment": 333.0, "lga": "Hawkesbury", "icsea": 858.0, "suburb": "SOUTH WINDSOR", "postcode": 2756 }, "geometry": { "type": "Point", "coordinates": [ 150.804036, -33.618221 ] } },
{ "type": "Feature", "properties": { "name": "Oatlands Public School", "level": "Primary School", "enrolment": 159.0, "lga": "Parramatta", "icsea": 1072.0, "suburb": "Oatlands ", "postcode": 2117 }, "geometry": { "type": "Point", "coordinates": [ 151.023521, -33.800088 ] } },
{ "type": "Feature", "properties": { "name": "Marsden Park Public School", "level": "Primary School", "enrolment": 242.0, "lga": "Blacktown", "icsea": 1060.0, "suburb": "MARSDEN PARK", "postcode": 2765 }, "geometry": { "type": "Point", "coordinates": [ 150.833642, -33.696425 ] } },
{ "type": "Feature", "properties": { "name": "The Meadows Public School", "level": "Primary School", "enrolment": 335.0, "lga": "Blacktown", "icsea": 984.0, "suburb": "Seven Hills ", "postcode": 2147 }, "geometry": { "type": "Point", "coordinates": [ 150.942567, -33.781365 ] } },
{ "type": "Feature", "properties": { "name": "Rydalmere East Public School", "level": "Primary School", "enrolment": 104.0, "lga": "Parramatta", "icsea": 1007.0, "suburb": "Ermington ", "postcode": 2115 }, "geometry": { "type": "Point", "coordinates": [ 151.05818, -33.817144 ] } },
{ "type": "Feature", "properties": { "name": "Ermington West Public School", "level": "Primary School", "enrolment": 104.0, "lga": "Parramatta", "icsea": 1022.0, "suburb": "Ermington ", "postcode": 2115 }, "geometry": { "type": "Point", "coordinates": [ 151.058368, -33.805894 ] } },
{ "type": "Feature", "properties": { "name": "Mulgoa Public School", "level": "Primary School", "enrolment": 103.0, "lga": "Penrith", "icsea": 980.0, "suburb": "Mulgoa", "postcode": 2745 }, "geometry": { "type": "Point", "coordinates": [ 150.650344, -33.836505 ] } },
{ "type": "Feature", "properties": { "name": "Northmead Public School", "level": "Primary School", "enrolment": 614.0, "lga": "Parramatta", "icsea": 1082.0, "suburb": "NORTHMEAD", "postcode": 2152 }, "geometry": { "type": "Point", "coordinates": [ 150.990753, -33.786511 ] } },
{ "type": "Feature", "properties": { "name": "Orchard Hills Public School", "level": "Primary School", "enrolment": 242.0, "lga": "Penrith", "icsea": 995.0, "suburb": "Orchard Hills ", "postcode": 2748 }, "geometry": { "type": "Point", "coordinates": [ 150.721365, -33.783029 ] } },
{ "type": "Feature", "properties": { "name": "Parklea Public School", "level": "Primary School", "enrolment": 566.0, "lga": "Blacktown", "icsea": 1083.0, "suburb": "GLENWOOD", "postcode": 2768 }, "geometry": { "type": "Point", "coordinates": [ 150.93476, -33.725885 ] } },
{ "type": "Feature", "properties": { "name": "Parramatta Public School", "level": "Primary School", "enrolment": 671.0, "lga": "Parramatta", "icsea": 1134.0, "suburb": "PARRAMATTA", "postcode": 2150 }, "geometry": { "type": "Point", "coordinates": [ 151.008374, -33.816821 ] } },
{ "type": "Feature", "properties": { "name": "Parramatta North Public School", "level": "Primary School", "enrolment": 253.0, "lga": "Parramatta", "icsea": 1077.0, "suburb": "NORTH PARRAMATTA", "postcode": 2151 }, "geometry": { "type": "Point", "coordinates": [ 151.004694, -33.803951 ] } },
{ "type": "Feature", "properties": { "name": "Parramatta West Public School", "level": "Primary School", "enrolment": 949.0, "lga": "Parramatta", "icsea": 1029.0, "suburb": "Parramatta ", "postcode": 2150 }, "geometry": { "type": "Point", "coordinates": [ 150.990968, -33.824472 ] } },
{ "type": "Feature", "properties": { "name": "Penrith Public School", "level": "Primary School", "enrolment": 524.0, "lga": "Penrith", "icsea": 986.0, "suburb": "Penrith ", "postcode": 2750 }, "geometry": { "type": "Point", "coordinates": [ 150.70439, -33.755926 ] } },
{ "type": "Feature", "properties": { "name": "Pitt Town Public School", "level": "Primary School", "enrolment": 290.0, "lga": "Hawkesbury", "icsea": 987.0, "suburb": "Pitt Town ", "postcode": 2756 }, "geometry": { "type": "Point", "coordinates": [ 150.859638, -33.583887 ] } },
{ "type": "Feature", "properties": { "name": "Quakers Hill East Public School", "level": "Primary School", "enrolment": 655.0, "lga": "Blacktown", "icsea": 1101.0, "suburb": "Acacia Gardens ", "postcode": 2763 }, "geometry": { "type": "Point", "coordinates": [ 150.914359, -33.732484 ] } },
{ "type": "Feature", "properties": { "name": "Darcy Road Public School", "level": "Primary School", "enrolment": 576.0, "lga": "Parramatta", "icsea": 1122.0, "suburb": "WENTWORTHVILLE", "postcode": 2145 }, "geometry": { "type": "Point", "coordinates": [ 150.96599, -33.801954 ] } },
{ "type": "Feature", "properties": { "name": "Plumpton Public School", "level": "Primary School", "enrolment": 504.0, "lga": "Blacktown", "icsea": 981.0, "suburb": "Plumpton ", "postcode": 2761 }, "geometry": { "type": "Point", "coordinates": [ 150.838556, -33.749158 ] } },
{ "type": "Feature", "properties": { "name": "Lynwood Park Public School", "level": "Primary School", "enrolment": 223.0, "lga": "Blacktown", "icsea": 988.0, "suburb": "BLACKTOWN", "postcode": 2148 }, "geometry": { "type": "Point", "coordinates": [ 150.926373, -33.754408 ] } },
{ "type": "Feature", "properties": { "name": "Quakers Hill Public School", "level": "Primary School", "enrolment": 962.0, "lga": "Blacktown", "icsea": 1097.0, "suburb": "Quakers Hill ", "postcode": 2763 }, "geometry": { "type": "Point", "coordinates": [ 150.885265, -33.737467 ] } },
{ "type": "Feature", "properties": { "name": "Riverstone Public School", "level": "Primary School", "enrolment": 599.0, "lga": "Blacktown", "icsea": 986.0, "suburb": "Riverstone", "postcode": 2765 }, "geometry": { "type": "Point", "coordinates": [ 150.871019, -33.678387 ] } },
{ "type": "Feature", "properties": { "name": "Bennett Road Public School", "level": "Primary School", "enrolment": 646.0, "lga": "Penrith", "icsea": 912.0, "suburb": "Colyton ", "postcode": 2760 }, "geometry": { "type": "Point", "coordinates": [ 150.792462, -33.783499 ] } },
{ "type": "Feature", "properties": { "name": "Rouse Hill Public School", "level": "Primary School", "enrolment": 1058.0, "lga": "The Hills", "icsea": 1093.0, "suburb": "Rouse Hill ", "postcode": 2155 }, "geometry": { "type": "Point", "coordinates": [ 150.920985, -33.679219 ] } },
{ "type": "Feature", "properties": { "name": "Walters Road Public School", "level": "Primary School", "enrolment": 523.0, "lga": "Blacktown", "icsea": 997.0, "suburb": "Blacktown ", "postcode": 2148 }, "geometry": { "type": "Point", "coordinates": [ 150.892148, -33.784758 ] } },
{ "type": "Feature", "properties": { "name": "Blaxland East Public School", "level": "Primary School", "enrolment": 379.0, "lga": "Blue Mountains", "icsea": 1068.0, "suburb": "Blaxland", "postcode": 2774 }, "geometry": { "type": "Point", "coordinates": [ 150.623632, -33.746937 ] } },
{ "type": "Feature", "properties": { "name": "Marayong South Public School", "level": "Primary School", "enrolment": 286.0, "lga": "Blacktown", "icsea": 1010.0, "suburb": "Blacktown ", "postcode": 2148 }, "geometry": { "type": "Point", "coordinates": [ 150.885236, -33.760128 ] } },
{ "type": "Feature", "properties": { "name": "Kingswood South Public School", "level": "Primary School", "enrolment": 304.0, "lga": "Penrith", "icsea": 956.0, "suburb": "Kingswood ", "postcode": 2747 }, "geometry": { "type": "Point", "coordinates": [ 150.711849, -33.769287 ] } },
{ "type": "Feature", "properties": { "name": "Wadangali Public School", "level": "Primary School", "enrolment": 166.0, "lga": "Penrith", "icsea": 810.0, "suburb": "Penrith", "postcode": 2750 }, "geometry": { "type": "Point", "coordinates": [ 150.711457, -33.741191 ] } },
{ "type": "Feature", "properties": { "name": "Faulconbridge Public School", "level": "Primary School", "enrolment": 368.0, "lga": "Blue Mountains", "icsea": 1063.0, "suburb": "FAULCONBRIDGE", "postcode": 2776 }, "geometry": { "type": "Point", "coordinates": [ 150.544693, -33.691022 ] } },
{ "type": "Feature", "properties": { "name": "St Marys Public School", "level": "Primary School", "enrolment": 258.0, "lga": "Penrith", "icsea": 954.0, "suburb": "St Marys ", "postcode": 2760 }, "geometry": { "type": "Point", "coordinates": [ 150.770634, -33.768364 ] } },
{ "type": "Feature", "properties": { "name": "Toongabbie East Public School", "level": "Primary School", "enrolment": 107.0, "lga": "Parramatta", "icsea": 898.0, "suburb": "Constitution Hill", "postcode": 2145 }, "geometry": { "type": "Point", "coordinates": [ 150.980274, -33.797274 ] } },
{ "type": "Feature", "properties": { "name": "Whalan Public School", "level": "Primary School", "enrolment": 340.0, "lga": "Blacktown", "icsea": 870.0, "suburb": "Whalan ", "postcode": 2770 }, "geometry": { "type": "Point", "coordinates": [ 150.809664, -33.752917 ] } },
{ "type": "Feature", "properties": { "name": "Schofields Public School", "level": "Primary School", "enrolment": 1119.0, "lga": "Blacktown", "icsea": 1086.0, "suburb": "SCHOFIELDS", "postcode": 2762 }, "geometry": { "type": "Point", "coordinates": [ 150.875247, -33.693115 ] } },
{ "type": "Feature", "properties": { "name": "Toongabbie Public School", "level": "Primary School", "enrolment": 381.0, "lga": "Parramatta", "icsea": 1063.0, "suburb": "Toongabbie ", "postcode": 2146 }, "geometry": { "type": "Point", "coordinates": [ 150.966667, -33.787181 ] } },
{ "type": "Feature", "properties": { "name": "Carlingford West Public School", "level": "Primary School", "enrolment": 1636.0, "lga": "Parramatta", "icsea": 1119.0, "suburb": "Carlingford ", "postcode": 2118 }, "geometry": { "type": "Point", "coordinates": [ 151.03717, -33.78237 ] } },
{ "type": "Feature", "properties": { "name": "Tregear Public School", "level": "Primary School", "enrolment": 325.0, "lga": "Blacktown", "icsea": 817.0, "suburb": "Tregear", "postcode": 2770 }, "geometry": { "type": "Point", "coordinates": [ 150.794321, -33.745883 ] } },
{ "type": "Feature", "properties": { "name": "Wentworthville Public School", "level": "Primary School", "enrolment": 863.0, "lga": "Cumberland", "icsea": 1111.0, "suburb": "WENTWORTHVILLE", "postcode": 2145 }, "geometry": { "type": "Point", "coordinates": [ 150.968613, -33.814004 ] } },
{ "type": "Feature", "properties": { "name": "Ebenezer Public School", "level": "Primary School", "enrolment": 85.0, "lga": "Hawkesbury", "icsea": 995.0, "suburb": "EBENEZER", "postcode": 2756 }, "geometry": { "type": "Point", "coordinates": [ 150.876774, -33.530917 ] } },
{ "type": "Feature", "properties": { "name": "Excelsior Public School", "level": "Primary School", "enrolment": 561.0, "lga": "The Hills", "icsea": 1150.0, "suburb": "Castle Hill ", "postcode": 2154 }, "geometry": { "type": "Point", "coordinates": [ 150.990408, -33.740444 ] } },
{ "type": "Feature", "properties": { "name": "Girraween Public School", "level": "Primary School", "enrolment": 1072.0, "lga": "Cumberland", "icsea": 1132.0, "suburb": "Girraween ", "postcode": 2145 }, "geometry": { "type": "Point", "coordinates": [ 150.950356, -33.799711 ] } },
{ "type": "Feature", "properties": { "name": "Glossodia Public School", "level": "Primary School", "enrolment": 184.0, "lga": "Hawkesbury", "icsea": 954.0, "suburb": "Glossodia ", "postcode": 2756 }, "geometry": { "type": "Point", "coordinates": [ 150.765471, -33.530504 ] } },
{ "type": "Feature", "properties": { "name": "Greystanes Public School", "level": "Primary School", "enrolment": 540.0, "lga": "Cumberland", "icsea": 1081.0, "suburb": "Greystanes ", "postcode": 2145 }, "geometry": { "type": "Point", "coordinates": [ 150.941111, -33.828043 ] } },
{ "type": "Feature", "properties": { "name": "Crestwood Public School", "level": "Primary School", "enrolment": 633.0, "lga": "The Hills", "icsea": 1139.0, "suburb": "Baulkham Hills ", "postcode": 2153 }, "geometry": { "type": "Point", "coordinates": [ 150.972197, -33.749141 ] } },
{ "type": "Feature", "properties": { "name": "Kellyville Public School", "level": "Primary School", "enrolment": 855.0, "lga": "The Hills", "icsea": 1136.0, "suburb": "KELLYVILLE", "postcode": 2155 }, "geometry": { "type": "Point", "coordinates": [ 150.957887, -33.711052 ] } },
{ "type": "Feature", "properties": { "name": "Kingswood Public School", "level": "Primary School", "enrolment": 499.0, "lga": "Penrith", "icsea": 1048.0, "suburb": "Kingswood ", "postcode": 2747 }, "geometry": { "type": "Point", "coordinates": [ 150.726509, -33.765884 ] } },
{ "type": "Feature", "properties": { "name": "Kurmond Public School", "level": "Primary School", "enrolment": 125.0, "lga": "Hawkesbury", "icsea": 982.0, "suburb": "Kurmond ", "postcode": 2757 }, "geometry": { "type": "Point", "coordinates": [ 150.692309, -33.549715 ] } },
{ "type": "Feature", "properties": { "name": "Dundas Public School", "level": "Primary School", "enrolment": 312.0, "lga": "Parramatta", "icsea": 1070.0, "suburb": "Dundas", "postcode": 2117 }, "geometry": { "type": "Point", "coordinates": [ 151.036399, -33.804424 ] } },
{ "type": "Feature", "properties": { "name": "Oxley Park Public School", "level": "Primary School", "enrolment": 601.0, "lga": "Penrith", "icsea": 953.0, "suburb": "St Marys ", "postcode": 2760 }, "geometry": { "type": "Point", "coordinates": [ 150.788894, -33.771451 ] } },
{ "type": "Feature", "properties": { "name": "Rooty Hill Public School", "level": "Primary School", "enrolment": 645.0, "lga": "Blacktown", "icsea": 990.0, "suburb": "Rooty Hill ", "postcode": 2766 }, "geometry": { "type": "Point", "coordinates": [ 150.840435, -33.769292 ] } },
{ "type": "Feature", "properties": { "name": "Cambridge Park Public School", "level": "Primary School", "enrolment": 523.0, "lga": "Penrith", "icsea": 926.0, "suburb": "Cambridge Park ", "postcode": 2747 }, "geometry": { "type": "Point", "coordinates": [ 150.725939, -33.747017 ] } },
{ "type": "Feature", "properties": { "name": "Blacktown North Public School", "level": "Primary School", "enrolment": 354.0, "lga": "Blacktown", "icsea": 1042.0, "suburb": "Blacktown ", "postcode": 2148 }, "geometry": { "type": "Point", "coordinates": [ 150.913134, -33.75879 ] } },
{ "type": "Feature", "properties": { "name": "Telopea Public School", "level": "Primary School", "enrolment": 139.0, "lga": "Parramatta", "icsea": 991.0, "suburb": "Telopea", "postcode": 2117 }, "geometry": { "type": "Point", "coordinates": [ 151.04364, -33.797032 ] } },
{ "type": "Feature", "properties": { "name": "Werrington Public School", "level": "Primary School", "enrolment": 519.0, "lga": "Penrith", "icsea": 963.0, "suburb": "Werrington ", "postcode": 2747 }, "geometry": { "type": "Point", "coordinates": [ 150.745293, -33.755125 ] } },
{ "type": "Feature", "properties": { "name": "Blacktown West Public School", "level": "Primary School", "enrolment": 443.0, "lga": "Blacktown", "icsea": 992.0, "suburb": "Blacktown ", "postcode": 2148 }, "geometry": { "type": "Point", "coordinates": [ 150.893057, -33.770441 ] } },
{ "type": "Feature", "properties": { "name": "Penrith South Public School", "level": "Primary School", "enrolment": 441.0, "lga": "Penrith", "icsea": 958.0, "suburb": "Penrith", "postcode": 2750 }, "geometry": { "type": "Point", "coordinates": [ 150.700637, -33.763901 ] } },
{ "type": "Feature", "properties": { "name": "Bidwill Public School", "level": "Primary School", "enrolment": 410.0, "lga": "Blacktown", "icsea": 825.0, "suburb": "Bidwill", "postcode": 2770 }, "geometry": { "type": "Point", "coordinates": [ 150.825934, -33.733547 ] } },
{ "type": "Feature", "properties": { "name": "Castlereagh Public School", "level": "Primary School", "enrolment": 126.0, "lga": "Penrith", "icsea": 968.0, "suburb": "Castlereagh", "postcode": 2749 }, "geometry": { "type": "Point", "coordinates": [ 150.675968, -33.667028 ] } },
{ "type": "Feature", "properties": { "name": "Yates Avenue Public School", "level": "Primary School", "enrolment": 155.0, "lga": "Parramatta", "icsea": 1040.0, "suburb": "Dundas Valley", "postcode": 2117 }, "geometry": { "type": "Point", "coordinates": [ 151.058398, -33.795608 ] } },
{ "type": "Feature", "properties": { "name": "Seven Hills West Public School", "level": "Primary School", "enrolment": 324.0, "lga": "Blacktown", "icsea": 1001.0, "suburb": "Seven Hills ", "postcode": 2147 }, "geometry": { "type": "Point", "coordinates": [ 150.921605, -33.765987 ] } },
{ "type": "Feature", "properties": { "name": "Marayong Public School", "level": "Primary School", "enrolment": 557.0, "lga": "Blacktown", "icsea": 981.0, "suburb": "Blacktown ", "postcode": 2148 }, "geometry": { "type": "Point", "coordinates": [ 150.895304, -33.756609 ] } },
{ "type": "Feature", "properties": { "name": "Crawford Public School", "level": "Primary School", "enrolment": 387.0, "lga": "Blacktown", "icsea": 914.0, "suburb": "Doonside ", "postcode": 2767 }, "geometry": { "type": "Point", "coordinates": [ 150.868825, -33.75479 ] } },
{ "type": "Feature", "properties": { "name": "Lalor Park Public School", "level": "Primary School", "enrolment": 187.0, "lga": "Blacktown", "icsea": 916.0, "suburb": "Lalor Park ", "postcode": 2147 }, "geometry": { "type": "Point", "coordinates": [ 150.93125, -33.760504 ] } },
{ "type": "Feature", "properties": { "name": "Bert Oldfield Public School", "level": "Primary School", "enrolment": 175.0, "lga": "Blacktown", "icsea": 1015.0, "suburb": "Seven Hills", "postcode": 2147 }, "geometry": { "type": "Point", "coordinates": [ 150.924537, -33.777505 ] } },
{ "type": "Feature", "properties": { "name": "Blacktown South Public School", "level": "Primary School", "enrolment": 936.0, "lga": "Blacktown", "icsea": 1042.0, "suburb": "Blacktown ", "postcode": 2148 }, "geometry": { "type": "Point", "coordinates": [ 150.905175, -33.780193 ] } },
{ "type": "Feature", "properties": { "name": "Warrimoo Public School", "level": "Primary School", "enrolment": 146.0, "lga": "Blue Mountains", "icsea": 1052.0, "suburb": "Warrimoo ", "postcode": 2774 }, "geometry": { "type": "Point", "coordinates": [ 150.600217, -33.728056 ] } },
{ "type": "Feature", "properties": { "name": "St Clair Public School", "level": "Primary School", "enrolment": 325.0, "lga": "Penrith", "icsea": 975.0, "suburb": "ST CLAIR", "postcode": 2759 }, "geometry": { "type": "Point", "coordinates": [ 150.786899, -33.796324 ] } },
{ "type": "Feature", "properties": { "name": "St Marys North Public School", "level": "Primary School", "enrolment": 345.0, "lga": "Penrith", "icsea": 873.0, "suburb": "North St Marys", "postcode": 2760 }, "geometry": { "type": "Point", "coordinates": [ 150.782596, -33.756231 ] } },
{ "type": "Feature", "properties": { "name": "Jamisontown Public School", "level": "Primary School", "enrolment": 317.0, "lga": "Penrith", "icsea": 980.0, "suburb": "SOUTH PENRITH", "postcode": 2750 }, "geometry": { "type": "Point", "coordinates": [ 150.683083, -33.77306 ] } },
{ "type": "Feature", "properties": { "name": "Vardys Road Public School", "level": "Primary School", "enrolment": 437.0, "lga": "Blacktown", "icsea": 1038.0, "suburb": "SEVEN HILLS", "postcode": 2147 }, "geometry": { "type": "Point", "coordinates": [ 150.942765, -33.757148 ] } },
{ "type": "Feature", "properties": { "name": "Blackwell Public School", "level": "Primary School", "enrolment": 480.0, "lga": "Penrith", "icsea": 980.0, "suburb": "St Clair ", "postcode": 2759 }, "geometry": { "type": "Point", "coordinates": [ 150.783052, -33.806328 ] } },
{ "type": "Feature", "properties": { "name": "St Marys South Public School", "level": "Primary School", "enrolment": 319.0, "lga": "Penrith", "icsea": 945.0, "suburb": "St Marys ", "postcode": 2760 }, "geometry": { "type": "Point", "coordinates": [ 150.776385, -33.780052 ] } },
{ "type": "Feature", "properties": { "name": "Ellison Public School", "level": "Primary School", "enrolment": 283.0, "lga": "Blue Mountains", "icsea": 1051.0, "suburb": "Springwood ", "postcode": 2777 }, "geometry": { "type": "Point", "coordinates": [ 150.585327, -33.69035 ] } },
{ "type": "Feature", "properties": { "name": "Mount Druitt Public School", "level": "Primary School", "enrolment": 565.0, "lga": "Blacktown", "icsea": 961.0, "suburb": "MOUNT DRUITT", "postcode": 2770 }, "geometry": { "type": "Point", "coordinates": [ 150.812509, -33.763984 ] } },
{ "type": "Feature", "properties": { "name": "Toongabbie West Public School", "level": "Primary School", "enrolment": 268.0, "lga": "Parramatta", "icsea": 1046.0, "suburb": "Toongabbie ", "postcode": 2146 }, "geometry": { "type": "Point", "coordinates": [ 150.957238, -33.792593 ] } },
{ "type": "Feature", "properties": { "name": "Shelley Public School", "level": "Primary School", "enrolment": 435.0, "lga": "Blacktown", "icsea": 1001.0, "suburb": "Blacktown ", "postcode": 2148 }, "geometry": { "type": "Point", "coordinates": [ 150.917863, -33.789161 ] } },
{ "type": "Feature", "properties": { "name": "Jasper Road Public School", "level": "Primary School", "enrolment": 803.0, "lga": "The Hills", "icsea": 1132.0, "suburb": "Baulkham Hills ", "postcode": 2153 }, "geometry": { "type": "Point", "coordinates": [ 150.982269, -33.761316 ] } },
{ "type": "Feature", "properties": { "name": "Bligh Park Public School", "level": "Primary School", "enrolment": 283.0, "lga": "Hawkesbury", "icsea": 933.0, "suburb": "Bligh Park", "postcode": 2756 }, "geometry": { "type": "Point", "coordinates": [ 150.794565, -33.639133 ] } },
{ "type": "Feature", "properties": { "name": "Beresford Road Public School", "level": "Primary School", "enrolment": 580.0, "lga": "Cumberland", "icsea": 1033.0, "suburb": "Greystanes ", "postcode": 2145 }, "geometry": { "type": "Point", "coordinates": [ 150.942945, -33.814864 ] } },
{ "type": "Feature", "properties": { "name": "Vineyard Public School", "level": "Primary School", "enrolment": 97.0, "lga": "Blacktown", "icsea": 955.0, "suburb": "Vineyard ", "postcode": 2765 }, "geometry": { "type": "Point", "coordinates": [ 150.857935, -33.647352 ] } },
{ "type": "Feature", "properties": { "name": "Wallacia Public School", "level": "Primary School", "enrolment": 53.0, "lga": "Penrith", "icsea": 959.0, "suburb": "Wallacia", "postcode": 2745 }, "geometry": { "type": "Point", "coordinates": [ 150.641613, -33.862695 ] } },
{ "type": "Feature", "properties": { "name": "Lethbridge Park Public School", "level": "Primary School", "enrolment": 437.0, "lga": "Blacktown", "icsea": 855.0, "suburb": "Lethbridge Park", "postcode": 2770 }, "geometry": { "type": "Point", "coordinates": [ 150.800109, -33.737964 ] } },
{ "type": "Feature", "properties": { "name": "Wilberforce Public School", "level": "Primary School", "enrolment": 326.0, "lga": "Hawkesbury", "icsea": 992.0, "suburb": "Wilberforce ", "postcode": 2756 }, "geometry": { "type": "Point", "coordinates": [ 150.839763, -33.558704 ] } },
{ "type": "Feature", "properties": { "name": "Windsor Public School", "level": "Primary School", "enrolment": 125.0, "lga": "Hawkesbury", "icsea": 944.0, "suburb": "Windsor ", "postcode": 2756 }, "geometry": { "type": "Point", "coordinates": [ 150.816413, -33.610366 ] } },
{ "type": "Feature", "properties": { "name": "Westmead Public School", "level": "Primary School", "enrolment": 717.0, "lga": "Cumberland", "icsea": 1117.0, "suburb": "Westmead", "postcode": 2145 }, "geometry": { "type": "Point", "coordinates": [ 150.985291, -33.810171 ] } },
{ "type": "Feature", "properties": { "name": "Seven Hills Public School", "level": "Primary School", "enrolment": 131.0, "lga": "Blacktown", "icsea": 1033.0, "suburb": "SEVEN HILLS", "postcode": 2147 }, "geometry": { "type": "Point", "coordinates": [ 150.937488, -33.770031 ] } },
{ "type": "Feature", "properties": { "name": "Claremont Meadows Public School", "level": "Primary School", "enrolment": 687.0, "lga": "Penrith", "icsea": 1012.0, "suburb": "Claremont Meadows", "postcode": 2747 }, "geometry": { "type": "Point", "coordinates": [ 150.747014, -33.774178 ] } },
{ "type": "Feature", "properties": { "name": "Pendle Hill Public School", "level": "Primary School", "enrolment": 309.0, "lga": "Cumberland", "icsea": 1032.0, "suburb": "Wentworthville", "postcode": 2145 }, "geometry": { "type": "Point", "coordinates": [ 150.953964, -33.810297 ] } },
{ "type": "Feature", "properties": { "name": "Hilltop Road Public School", "level": "Primary School", "enrolment": 762.0, "lga": "Cumberland", "icsea": 971.0, "suburb": "Merrylands ", "postcode": 2160 }, "geometry": { "type": "Point", "coordinates": [ 150.973319, -33.826331 ] } },
{ "type": "Feature", "properties": { "name": "Richmond Public School", "level": "Primary School", "enrolment": 298.0, "lga": "Hawkesbury", "icsea": 1047.0, "suburb": "RICHMOND", "postcode": 2753 }, "geometry": { "type": "Point", "coordinates": [ 150.757514, -33.598937 ] } },
{ "type": "Feature", "properties": { "name": "Madang Avenue Public School", "level": "Primary School", "enrolment": 320.0, "lga": "Blacktown", "icsea": 864.0, "suburb": "Whalan", "postcode": 2770 }, "geometry": { "type": "Point", "coordinates": [ 150.804846, -33.759958 ] } },
{ "type": "Feature", "properties": { "name": "Ropes Crossing Public School", "level": "Primary School", "enrolment": 789.0, "lga": "Blacktown", "icsea": 1019.0, "suburb": "ROPES CROSSING", "postcode": 2760 }, "geometry": { "type": "Point", "coordinates": [ 150.7830912, -33.7334423 ] } },
{ "type": "Feature", "properties": { "name": "Hobartville Public School", "level": "Primary School", "enrolment": 355.0, "lga": "Hawkesbury", "icsea": 959.0, "suburb": "Hobartville ", "postcode": 2753 }, "geometry": { "type": "Point", "coordinates": [ 150.742281, -33.603649 ] } },
{ "type": "Feature", "properties": { "name": "Rowland Hassall School", "level": "Schools for Specific Purposes", "enrolment": 63.0, "lga": "Canterbury-Bankstown", "icsea": 889.0, "suburb": "CHESTER HILL", "postcode": 2162 }, "geometry": { "type": "Point", "coordinates": [ 150.989018, -33.867715 ] } },
{ "type": "Feature", "properties": { "name": "Tallowood School", "level": "Schools for Specific Purposes", "enrolment": 98.0, "lga": "The Hills", "icsea": 1034.0, "suburb": "Kellyville ", "postcode": 2155 }, "geometry": { "type": "Point", "coordinates": [ 150.95217, -33.707054 ] } },
{ "type": "Feature", "properties": { "name": "Redbank School", "level": "Schools for Specific Purposes", "enrolment": 46.0, "lga": "Parramatta", "icsea": 1001.0, "suburb": "Westmead", "postcode": 2145 }, "geometry": { "type": "Point", "coordinates": [ 150.987659, -33.800809 ] } },
{ "type": "Feature", "properties": { "name": "Blackett Public School", "level": "Primary School", "enrolment": 288.0, "lga": "Blacktown", "icsea": 839.0, "suburb": "Blackett ", "postcode": 2770 }, "geometry": { "type": "Point", "coordinates": [ 150.815858, -33.739605 ] } },
{ "type": "Feature", "properties": { "name": "Willmot Public School", "level": "Primary School", "enrolment": 162.0, "lga": "Blacktown", "icsea": 817.0, "suburb": "Willmot", "postcode": 2770 }, "geometry": { "type": "Point", "coordinates": [ 150.794401, -33.725747 ] } },
{ "type": "Feature", "properties": { "name": "Kurrambee School", "level": "Schools for Specific Purposes", "enrolment": 104.0, "lga": "Penrith", "icsea": 946.0, "suburb": "Werrington", "postcode": 2747 }, "geometry": { "type": "Point", "coordinates": [ 150.757118, -33.766355 ] } },
{ "type": "Feature", "properties": { "name": "Winston Heights Public School", "level": "Primary School", "enrolment": 304.0, "lga": "Parramatta", "icsea": 1103.0, "suburb": "Winston Hills ", "postcode": 2153 }, "geometry": { "type": "Point", "coordinates": [ 150.967894, -33.77485 ] } },
{ "type": "Feature", "properties": { "name": "Leonay Public School", "level": "Primary School", "enrolment": 191.0, "lga": "Penrith", "icsea": 1049.0, "suburb": "Emu Plains ", "postcode": 2750 }, "geometry": { "type": "Point", "coordinates": [ 150.650498, -33.76432 ] } },
{ "type": "Feature", "properties": { "name": "Shalvey Public School", "level": "Primary School", "enrolment": 258.0, "lga": "Blacktown", "icsea": 837.0, "suburb": "Shalvey", "postcode": 2770 }, "geometry": { "type": "Point", "coordinates": [ 150.809439, -33.726605 ] } },
{ "type": "Feature", "properties": { "name": "York Public School", "level": "Primary School", "enrolment": 515.0, "lga": "Penrith", "icsea": 973.0, "suburb": "SOUTH PENRITH", "postcode": 2750 }, "geometry": { "type": "Point", "coordinates": [ 150.698124, -33.777111 ] } },
{ "type": "Feature", "properties": { "name": "Grose View Public School", "level": "Primary School", "enrolment": 265.0, "lga": "Hawkesbury", "icsea": 1005.0, "suburb": "Grose Vale ", "postcode": 2753 }, "geometry": { "type": "Point", "coordinates": [ 150.66485, -33.594468 ] } },
{ "type": "Feature", "properties": { "name": "Cambridge Gardens Public School", "level": "Primary School", "enrolment": 341.0, "lga": "Penrith", "icsea": 965.0, "suburb": "Cambridge Park ", "postcode": 2747 }, "geometry": { "type": "Point", "coordinates": [ 150.722008, -33.737224 ] } },
{ "type": "Feature", "properties": { "name": "Noumea Public School", "level": "Primary School", "enrolment": 260.0, "lga": "Blacktown", "icsea": 866.0, "suburb": "Shalvey ", "postcode": 2770 }, "geometry": { "type": "Point", "coordinates": [ 150.809892, -33.732606 ] } },
{ "type": "Feature", "properties": { "name": "Braddock Public School", "level": "Primary School", "enrolment": 332.0, "lga": "Penrith", "icsea": 880.0, "suburb": "Cranebrook ", "postcode": 2749 }, "geometry": { "type": "Point", "coordinates": [ 150.708382, -33.722492 ] } },
{ "type": "Feature", "properties": { "name": "Matthew Pearce Public School", "level": "Primary School", "enrolment": 1270.0, "lga": "The Hills", "icsea": 1177.0, "suburb": "Baulkham Hills ", "postcode": 2153 }, "geometry": { "type": "Point", "coordinates": [ 150.963554, -33.758183 ] } },
{ "type": "Feature", "properties": { "name": "Clairgate Public School", "level": "Primary School", "enrolment": 409.0, "lga": "Penrith", "icsea": 982.0, "suburb": "St Clair ", "postcode": 2759 }, "geometry": { "type": "Point", "coordinates": [ 150.799228, -33.796329 ] } },
{ "type": "Feature", "properties": { "name": "Kings Langley Public School", "level": "Primary School", "enrolment": 567.0, "lga": "Blacktown", "icsea": 1081.0, "suburb": "Kings Langley ", "postcode": 2147 }, "geometry": { "type": "Point", "coordinates": [ 150.924433, -33.745131 ] } },
{ "type": "Feature", "properties": { "name": "Werrington County Public School", "level": "Primary School", "enrolment": 319.0, "lga": "Penrith", "icsea": 961.0, "suburb": "Werrington ", "postcode": 2747 }, "geometry": { "type": "Point", "coordinates": [ 150.747554, -33.74513 ] } },
{ "type": "Feature", "properties": { "name": "Blacktown Girls High School", "level": "Secondary School", "enrolment": 1079.1, "lga": "Blacktown", "icsea": 1046.0, "suburb": "Blacktown ", "postcode": 2148 }, "geometry": { "type": "Point", "coordinates": [ 150.910792, -33.761976 ] } },
{ "type": "Feature", "properties": { "name": "Seven Hills High School", "level": "Secondary School", "enrolment": 480.0, "lga": "Blacktown", "icsea": 969.0, "suburb": "Seven Hills", "postcode": 2147 }, "geometry": { "type": "Point", "coordinates": [ 150.94487, -33.762705 ] } },
{ "type": "Feature", "properties": { "name": "Samuel Terry Public School", "level": "Primary School", "enrolment": 521.0, "lga": "Penrith", "icsea": 980.0, "suburb": "CRANEBROOK", "postcode": 2749 }, "geometry": { "type": "Point", "coordinates": [ 150.708745, -33.713307 ] } },
{ "type": "Feature", "properties": { "name": "Blacktown Boys High School", "level": "Secondary School", "enrolment": 898.0, "lga": "Blacktown", "icsea": 1053.0, "suburb": "Blacktown ", "postcode": 2148 }, "geometry": { "type": "Point", "coordinates": [ 150.912543, -33.762057 ] } },
{ "type": "Feature", "properties": { "name": "Glenwood High School", "level": "Secondary School", "enrolment": 1506.2, "lga": "Blacktown", "icsea": 1090.0, "suburb": "Glenwood ", "postcode": 2768 }, "geometry": { "type": "Point", "coordinates": [ 150.937429, -33.733029 ] } },
{ "type": "Feature", "properties": { "name": "Banks Public School", "level": "Primary School", "enrolment": 417.0, "lga": "Penrith", "icsea": 971.0, "suburb": "ST CLAIR", "postcode": 2759 }, "geometry": { "type": "Point", "coordinates": [ 150.773098, -33.793717 ] } },
{ "type": "Feature", "properties": { "name": "Rouse Hill High School", "level": "Secondary School", "enrolment": 1313.6, "lga": "The Hills", "icsea": 1067.0, "suburb": "ROUSE HILL", "postcode": 2155 }, "geometry": { "type": "Point", "coordinates": [ 150.9317, -33.6864 ] } },
{ "type": "Feature", "properties": { "name": "Nepean Creative and Performing Arts High School", "level": "Secondary School", "enrolment": 802.0, "lga": "Penrith", "icsea": 994.0, "suburb": "Emu Plains ", "postcode": 2750 }, "geometry": { "type": "Point", "coordinates": [ 150.668882, -33.747745 ] } },
{ "type": "Feature", "properties": { "name": "Greystanes High School", "level": "Secondary School", "enrolment": 1090.0, "lga": "Cumberland", "icsea": 1003.0, "suburb": "Greystanes ", "postcode": 2145 }, "geometry": { "type": "Point", "coordinates": [ 150.940352, -33.812495 ] } },
{ "type": "Feature", "properties": { "name": "Marayong Heights Public School", "level": "Primary School", "enrolment": 283.0, "lga": "Blacktown", "icsea": 975.0, "suburb": "Marayong", "postcode": 2148 }, "geometry": { "type": "Point", "coordinates": [ 150.896425, -33.742667 ] } },
{ "type": "Feature", "properties": { "name": "William Dean Public School", "level": "Primary School", "enrolment": 382.0, "lga": "Blacktown", "icsea": 995.0, "suburb": "Dean Park ", "postcode": 2761 }, "geometry": { "type": "Point", "coordinates": [ 150.858693, -33.734259 ] } },
{ "type": "Feature", "properties": { "name": "Doonside High School", "level": "Secondary School", "enrolment": 715.0, "lga": "Blacktown", "icsea": 917.0, "suburb": "Doonside ", "postcode": 2767 }, "geometry": { "type": "Point", "coordinates": [ 150.874186, -33.754708 ] } },
{ "type": "Feature", "properties": { "name": "Mitchell High School", "level": "Secondary School", "enrolment": 875.0, "lga": "Blacktown", "icsea": 978.0, "suburb": "BLACKTOWN", "postcode": 2148 }, "geometry": { "type": "Point", "coordinates": [ 150.915971, -33.784795 ] } },
{ "type": "Feature", "properties": { "name": "Minchinbury Public School", "level": "Primary School", "enrolment": 439.0, "lga": "Blacktown", "icsea": 975.0, "suburb": "Minchinbury ", "postcode": 2770 }, "geometry": { "type": "Point", "coordinates": [ 150.832427, -33.78862 ] } },
{ "type": "Feature", "properties": { "name": "Evans High School", "level": "Secondary School", "enrolment": 815.0, "lga": "Blacktown", "icsea": 935.0, "suburb": "BLACKTOWN", "postcode": 2148 }, "geometry": { "type": "Point", "coordinates": [ 150.889725, -33.786512 ] } },
{ "type": "Feature", "properties": { "name": "James Erskine Public School", "level": "Primary School", "enrolment": 486.0, "lga": "Penrith", "icsea": 980.0, "suburb": "Erskine Park ", "postcode": 2759 }, "geometry": { "type": "Point", "coordinates": [ 150.803884, -33.805167 ] } },
{ "type": "Feature", "properties": { "name": "Hassall Grove Public School", "level": "Primary School", "enrolment": 623.0, "lga": "Blacktown", "icsea": 959.0, "suburb": "Hassall Grove ", "postcode": 2761 }, "geometry": { "type": "Point", "coordinates": [ 150.838504, -33.73548 ] } },
{ "type": "Feature", "properties": { "name": "Kingswood High School", "level": "Secondary School", "enrolment": 1005.0, "lga": "Penrith", "icsea": 955.0, "suburb": "Kingswood ", "postcode": 2747 }, "geometry": { "type": "Point", "coordinates": [ 150.715263, -33.770416 ] } },
{ "type": "Feature", "properties": { "name": "Barnier Public School", "level": "Primary School", "enrolment": 788.0, "lga": "Blacktown", "icsea": 1078.0, "suburb": "QUAKERS HILL", "postcode": 2763 }, "geometry": { "type": "Point", "coordinates": [ 150.901824, -33.72051 ] } },
{ "type": "Feature", "properties": { "name": "Baulkham Hills High School", "level": "Secondary School", "enrolment": 1222.3, "lga": "The Hills", "icsea": 1203.0, "suburb": "Baulkham Hills ", "postcode": 2153 }, "geometry": { "type": "Point", "coordinates": [ 150.991499, -33.750227 ] } },
{ "type": "Feature", "properties": { "name": "Kellyville High School", "level": "Secondary School", "enrolment": 869.0, "lga": "The Hills", "icsea": 1086.0, "suburb": "Kellyville ", "postcode": 2155 }, "geometry": { "type": "Point", "coordinates": [ 150.969921, -33.707777 ] } },
{ "type": "Feature", "properties": { "name": "Winston Hills Public School", "level": "Primary School", "enrolment": 636.0, "lga": "Parramatta", "icsea": 1104.0, "suburb": "Winston Hills ", "postcode": 2153 }, "geometry": { "type": "Point", "coordinates": [ 150.981106, -33.773464 ] } },
{ "type": "Feature", "properties": { "name": "Chifley College Shalvey Campus", "level": "Secondary School", "enrolment": 391.0, "lga": "Blacktown", "icsea": 828.0, "suburb": "Shalvey ", "postcode": 2770 }, "geometry": { "type": "Point", "coordinates": [ 150.80574, -33.730804 ] } },
{ "type": "Feature", "properties": { "name": "Emerton Public School", "level": "Primary School", "enrolment": 218.0, "lga": "Blacktown", "icsea": 873.0, "suburb": "Emerton ", "postcode": 2770 }, "geometry": { "type": "Point", "coordinates": [ 150.805478, -33.744738 ] } },
{ "type": "Feature", "properties": { "name": "Lapstone Public School", "level": "Primary School", "enrolment": 158.0, "lga": "Blue Mountains", "icsea": 1113.0, "suburb": "Glenbrook ", "postcode": 2773 }, "geometry": { "type": "Point", "coordinates": [ 150.631327, -33.772117 ] } },
{ "type": "Feature", "properties": { "name": "Mount Riverview Public School", "level": "Primary School", "enrolment": 231.0, "lga": "Blue Mountains", "icsea": 1050.0, "suburb": "MOUNT RIVERVIEW", "postcode": 2774 }, "geometry": { "type": "Point", "coordinates": [ 150.632585, -33.72951 ] } },
{ "type": "Feature", "properties": { "name": "Winmalee Public School", "level": "Primary School", "enrolment": 359.0, "lga": "Blue Mountains", "icsea": 1043.0, "suburb": "WINMALEE", "postcode": 2777 }, "geometry": { "type": "Point", "coordinates": [ 150.610783, -33.670272 ] } },
{ "type": "Feature", "properties": { "name": "Emu Heights Public School", "level": "Primary School", "enrolment": 237.0, "lga": "Penrith", "icsea": 1006.0, "suburb": "EMU HEIGHTS", "postcode": 2750 }, "geometry": { "type": "Point", "coordinates": [ 150.648818, -33.736652 ] } },
{ "type": "Feature", "properties": { "name": "Metella Road Public School", "level": "Primary School", "enrolment": 676.0, "lga": "Blacktown", "icsea": 1072.0, "suburb": "TOONGABBIE", "postcode": 2146 }, "geometry": { "type": "Point", "coordinates": [ 150.934756, -33.793967 ] } },
{ "type": "Feature", "properties": { "name": "Dawson Public School", "level": "Primary School", "enrolment": 293.0, "lga": "Blacktown", "icsea": 898.0, "suburb": "Dharruk ", "postcode": 2770 }, "geometry": { "type": "Point", "coordinates": [ 150.816017, -33.745369 ] } },
{ "type": "Feature", "properties": { "name": "Crestwood High School", "level": "Secondary School", "enrolment": 1020.9, "lga": "The Hills", "icsea": 1103.0, "suburb": "Baulkham Hills ", "postcode": 2153 }, "geometry": { "type": "Point", "coordinates": [ 150.975672, -33.743607 ] } },
{ "type": "Feature", "properties": { "name": "Jamison High School", "level": "Secondary School", "enrolment": 833.8, "lga": "Penrith", "icsea": 964.0, "suburb": "SOUTH PENRITH", "postcode": 2750 }, "geometry": { "type": "Point", "coordinates": [ 150.698118, -33.775335 ] } },
{ "type": "Feature", "properties": { "name": "Hawkesbury High School", "level": "Secondary School", "enrolment": 417.3, "lga": "Hawkesbury", "icsea": 946.0, "suburb": "Freemans Reach ", "postcode": 2756 }, "geometry": { "type": "Point", "coordinates": [ 150.798039, -33.559541 ] } },
{ "type": "Feature", "properties": { "name": "St Clair High School", "level": "Secondary School", "enrolment": 716.8, "lga": "Penrith", "icsea": 956.0, "suburb": "ST CLAIR", "postcode": 2759 }, "geometry": { "type": "Point", "coordinates": [ 150.786794, -33.794217 ] } },
{ "type": "Feature", "properties": { "name": "Hebersham Public School", "level": "Primary School", "enrolment": 515.0, "lga": "Blacktown", "icsea": 904.0, "suburb": "Hebersham ", "postcode": 2770 }, "geometry": { "type": "Point", "coordinates": [ 150.825924, -33.748103 ] } },
{ "type": "Feature", "properties": { "name": "John Palmer Public School", "level": "Primary School", "enrolment": 950.0, "lga": "Blacktown", "icsea": 1125.0, "suburb": "The Ponds", "postcode": 2769 }, "geometry": { "type": "Point", "coordinates": [ 150.911525, -33.707397 ] } },
{ "type": "Feature", "properties": { "name": "Casuarina School", "level": "Schools for Specific Purposes", "enrolment": 40.0, "lga": "Blacktown", "icsea": 912.0, "suburb": "Riverstone", "postcode": 2765 }, "geometry": { "type": "Point", "coordinates": [ 150.866346, -33.677516 ] } },
{ "type": "Feature", "properties": { "name": "William Rose School", "level": "Schools for Specific Purposes", "enrolment": 86.0, "lga": "Blacktown", "icsea": 1009.0, "suburb": "Seven Hills ", "postcode": 2147 }, "geometry": { "type": "Point", "coordinates": [ 150.937493, -33.769095 ] } },
{ "type": "Feature", "properties": { "name": "Macarthur Girls High School", "level": "Secondary School", "enrolment": 996.6, "lga": "Parramatta", "icsea": 1071.0, "suburb": "Parramatta", "postcode": 2150 }, "geometry": { "type": "Point", "coordinates": [ 151.012499, -33.813086 ] } },
{ "type": "Feature", "properties": { "name": "Arthur Phillip High School", "level": "Secondary School", "enrolment": 1636.0, "lga": "Parramatta", "icsea": 994.0, "suburb": "PARRAMATTA", "postcode": 2150 }, "geometry": { "type": "Point", "coordinates": [ 151.007474, -33.815715 ] } },
{ "type": "Feature", "properties": { "name": "Coreen School", "level": "Schools for Specific Purposes", "enrolment": 56.0, "lga": "Blacktown", "icsea": 845.0, "suburb": "Blacktown ", "postcode": 2148 }, "geometry": { "type": "Point", "coordinates": [ 150.911039, -33.77315 ] } },
{ "type": "Feature", "properties": { "name": "Halinda School", "level": "Schools for Specific Purposes", "enrolment": 114.0, "lga": "Blacktown", "icsea": 955.0, "suburb": "Whalan", "postcode": 2770 }, "geometry": { "type": "Point", "coordinates": [ 150.807065, -33.75902 ] } },
{ "type": "Feature", "properties": { "name": "Niland School", "level": "Schools for Specific Purposes", "enrolment": 34.0, "lga": "Blacktown", "icsea": 801.0, "suburb": "Blackett ", "postcode": 2770 }, "geometry": { "type": "Point", "coordinates": [ 150.813357, -33.736791 ] } },
{ "type": "Feature", "properties": { "name": "The Hills School", "level": "Schools for Specific Purposes", "enrolment": 112.0, "lga": "Parramatta", "icsea": 1046.0, "suburb": "Northmead ", "postcode": 2152 }, "geometry": { "type": "Point", "coordinates": [ 151.003951, -33.779745 ] } },
{ "type": "Feature", "properties": { "name": "Plumpton House School", "level": "Schools for Specific Purposes", "enrolment": 30.0, "lga": "Blacktown", "icsea": 827.0, "suburb": "Plumpton ", "postcode": 2761 }, "geometry": { "type": "Point", "coordinates": [ 150.840732, -33.75029 ] } },
{ "type": "Feature", "properties": { "name": "Penrith Valley School", "level": "Schools for Specific Purposes", "enrolment": 39.0, "lga": "Penrith", "icsea": 873.0, "suburb": "Werrington", "postcode": 2747 }, "geometry": { "type": "Point", "coordinates": [ 150.758761, -33.766554 ] } },
{ "type": "Feature", "properties": { "name": "Carlingford Public School", "level": "Primary School", "enrolment": 644.0, "lga": "Parramatta", "icsea": 1109.0, "suburb": "Carlingford ", "postcode": 2118 }, "geometry": { "type": "Point", "coordinates": [ 151.055153, -33.780094 ] } },
{ "type": "Feature", "properties": { "name": "Rosehill Public School", "level": "Primary School", "enrolment": 550.0, "lga": "Parramatta", "icsea": 1067.0, "suburb": "ROSEHILL", "postcode": 2142 }, "geometry": { "type": "Point", "coordinates": [ 151.018376, -33.824229 ] } },
{ "type": "Feature", "properties": { "name": "Parramatta High School", "level": "Secondary School", "enrolment": 1128.0, "lga": "Parramatta", "icsea": 1132.0, "suburb": "Parramatta ", "postcode": 2150 }, "geometry": { "type": "Point", "coordinates": [ 150.996083, -33.817883 ] } },
{ "type": "Feature", "properties": { "name": "Penrith High School", "level": "Secondary School", "enrolment": 927.8, "lga": "Penrith", "icsea": 1186.0, "suburb": "Penrith", "postcode": 2750 }, "geometry": { "type": "Point", "coordinates": [ 150.706537, -33.756721 ] } },
{ "type": "Feature", "properties": { "name": "Richmond High School", "level": "Secondary School", "enrolment": 750.0, "lga": "Hawkesbury", "icsea": 987.0, "suburb": "Richmond ", "postcode": 2753 }, "geometry": { "type": "Point", "coordinates": [ 150.746715, -33.600535 ] } },
{ "type": "Feature", "properties": { "name": "Northmead Creative and Performing Arts High School", "level": "Secondary School", "enrolment": 1238.6, "lga": "Parramatta", "icsea": 1069.0, "suburb": "Northmead ", "postcode": 2152 }, "geometry": { "type": "Point", "coordinates": [ 150.999661, -33.788092 ] } },
{ "type": "Feature", "properties": { "name": "James Ruse Agricultural High School", "level": "Secondary School", "enrolment": 856.9, "lga": "Parramatta", "icsea": 1222.0, "suburb": "Carlingford ", "postcode": 2118 }, "geometry": { "type": "Point", "coordinates": [ 151.043204, -33.780624 ] } },
{ "type": "Feature", "properties": { "name": "Glenmore Park High School", "level": "Secondary School", "enrolment": 956.0, "lga": "Penrith", "icsea": 976.0, "suburb": "Glenmore Park", "postcode": 2745 }, "geometry": { "type": "Point", "coordinates": [ 150.672564, -33.791012 ] } },
{ "type": "Feature", "properties": { "name": "Pendle Hill High School", "level": "Secondary School", "enrolment": 692.0, "lga": "Parramatta", "icsea": 1001.0, "suburb": "Wentworthville ", "postcode": 2145 }, "geometry": { "type": "Point", "coordinates": [ 150.962194, -33.793877 ] } },
{ "type": "Feature", "properties": { "name": "Windsor High School", "level": "Secondary School", "enrolment": 640.6, "lga": "Hawkesbury", "icsea": 923.0, "suburb": "McGraths Hill ", "postcode": 2756 }, "geometry": { "type": "Point", "coordinates": [ 150.833554, -33.618653 ] } },
{ "type": "Feature", "properties": { "name": "The Hills Sports High School", "level": "Secondary School", "enrolment": 913.0, "lga": "Blacktown", "icsea": 967.0, "suburb": "Seven Hills ", "postcode": 2147 }, "geometry": { "type": "Point", "coordinates": [ 150.938834, -33.782184 ] } },
{ "type": "Feature", "properties": { "name": "Colyton High School", "level": "Secondary School", "enrolment": 764.9, "lga": "Penrith", "icsea": 922.0, "suburb": "St Marys", "postcode": 2760 }, "geometry": { "type": "Point", "coordinates": [ 150.797336, -33.777602 ] } },
{ "type": "Feature", "properties": { "name": "Springwood High School", "level": "Secondary School", "enrolment": 565.2, "lga": "Blue Mountains", "icsea": 1027.0, "suburb": "Faulconbridge", "postcode": 2776 }, "geometry": { "type": "Point", "coordinates": [ 150.550608, -33.685057 ] } },
{ "type": "Feature", "properties": { "name": "Hambledon Public School", "level": "Primary School", "enrolment": 633.0, "lga": "Blacktown", "icsea": 1072.0, "suburb": "Quakers Hill", "postcode": 2763 }, "geometry": { "type": "Point", "coordinates": [ 150.887211, -33.71645 ] } },
{ "type": "Feature", "properties": { "name": "Glenmore Park Public School", "level": "Primary School", "enrolment": 455.0, "lga": "Penrith", "icsea": 994.0, "suburb": "Glenmore Park ", "postcode": 2745 }, "geometry": { "type": "Point", "coordinates": [ 150.681117, -33.783388 ] } },
{ "type": "Feature", "properties": { "name": "Chifley College Mount Druitt Campus", "level": "Secondary School", "enrolment": 648.0, "lga": "Blacktown", "icsea": 864.0, "suburb": "Mount Druitt ", "postcode": 2770 }, "geometry": { "type": "Point", "coordinates": [ 150.812884, -33.744657 ] } },
{ "type": "Feature", "properties": { "name": "Chifley College Dunheved Campus", "level": "Secondary School", "enrolment": 586.0, "lga": "Penrith", "icsea": 870.0, "suburb": "North St Marys", "postcode": 2760 }, "geometry": { "type": "Point", "coordinates": [ 150.783093, -33.749646 ] } },
{ "type": "Feature", "properties": { "name": "Glendenning Public School", "level": "Primary School", "enrolment": 440.0, "lga": "Blacktown", "icsea": 1025.0, "suburb": "Glendenning", "postcode": 2761 }, "geometry": { "type": "Point", "coordinates": [ 150.852638, -33.74223 ] } },
{ "type": "Feature", "properties": { "name": "Model Farms High School", "level": "Secondary School", "enrolment": 1021.0, "lga": "The Hills", "icsea": 1073.0, "suburb": "Baulkham Hills", "postcode": 2153 }, "geometry": { "type": "Point", "coordinates": [ 150.971394, -33.76943 ] } },
{ "type": "Feature", "properties": { "name": "Girraween High School", "level": "Secondary School", "enrolment": 781.7, "lga": "Cumberland", "icsea": 1199.0, "suburb": "GIRRAWEEN", "postcode": 2145 }, "geometry": { "type": "Point", "coordinates": [ 150.944577, -33.79989 ] } },
{ "type": "Feature", "properties": { "name": "Windsor Park Public School", "level": "Primary School", "enrolment": 231.0, "lga": "Hawkesbury", "icsea": 949.0, "suburb": "BLIGH PARK", "postcode": 2756 }, "geometry": { "type": "Point", "coordinates": [ 150.813492, -33.640641 ] } },
{ "type": "Feature", "properties": { "name": "Caddies Creek Public School", "level": "Primary School", "enrolment": 868.0, "lga": "Blacktown", "icsea": 1120.0, "suburb": "GLENWOOD", "postcode": 2768 }, "geometry": { "type": "Point", "coordinates": [ 150.926227, -33.736255 ] } },
{ "type": "Feature", "properties": { "name": "Henry Fulton Public School", "level": "Primary School", "enrolment": 219.0, "lga": "Penrith", "icsea": 998.0, "suburb": "Cranebrook", "postcode": 2749 }, "geometry": { "type": "Point", "coordinates": [ 150.709665, -33.70473 ] } },
{ "type": "Feature", "properties": { "name": "Beaumont Hills Public School", "level": "Primary School", "enrolment": 466.0, "lga": "The Hills", "icsea": 1107.0, "suburb": "Beaumont Hills ", "postcode": 2155 }, "geometry": { "type": "Point", "coordinates": [ 150.945659, -33.697809 ] } },
{ "type": "Feature", "properties": { "name": "Surveyors Creek Public School", "level": "Primary School", "enrolment": 424.0, "lga": "Penrith", "icsea": 1007.0, "suburb": "Glenmore Park", "postcode": 2745 }, "geometry": { "type": "Point", "coordinates": [ 150.689173, -33.787277 ] } },
{ "type": "Feature", "properties": { "name": "Ironbark Ridge Public School", "level": "Primary School", "enrolment": 754.0, "lga": "The Hills", "icsea": 1156.0, "suburb": "Rouse Hill", "postcode": 2155 }, "geometry": { "type": "Point", "coordinates": [ 150.933259, -33.687371 ] } },
{ "type": "Feature", "properties": { "name": "Kellyville Ridge Public School", "level": "Primary School", "enrolment": 671.0, "lga": "Blacktown", "icsea": 1107.0, "suburb": "Kellyville Ridge", "postcode": 2155 }, "geometry": { "type": "Point", "coordinates": [ 150.924005, -33.705413 ] } },
{ "type": "Feature", "properties": { "name": "Sherwood Ridge Public School", "level": "Primary School", "enrolment": 584.0, "lga": "The Hills", "icsea": 1114.0, "suburb": "Kellyville ", "postcode": 2155 }, "geometry": { "type": "Point", "coordinates": [ 150.975587, -33.706672 ] } },
{ "type": "Feature", "properties": { "name": "Erskine Park High School", "level": "Secondary School", "enrolment": 834.2, "lga": "Penrith", "icsea": 962.0, "suburb": "Erskine Park ", "postcode": 2759 }, "geometry": { "type": "Point", "coordinates": [ 150.802962, -33.807899 ] } },
{ "type": "Feature", "properties": { "name": "Quakers Hill High School", "level": "Secondary School", "enrolment": 925.0, "lga": "Blacktown", "icsea": 1025.0, "suburb": "QUAKERS HILL", "postcode": 2763 }, "geometry": { "type": "Point", "coordinates": [ 150.89645, -33.729813 ] } },
{ "type": "Feature", "properties": { "name": "Cumberland High School", "level": "Secondary School", "enrolment": 1171.9, "lga": "Parramatta", "icsea": 1060.0, "suburb": "CARLINGFORD", "postcode": 2118 }, "geometry": { "type": "Point", "coordinates": [ 151.036898, -33.785205 ] } },
{ "type": "Feature", "properties": { "name": "Riverstone High School", "level": "Secondary School", "enrolment": 861.0, "lga": "Blacktown", "icsea": 979.0, "suburb": "RIVERSTONE", "postcode": 2765 }, "geometry": { "type": "Point", "coordinates": [ 150.875744, -33.678883 ] } },
{ "type": "Feature", "properties": { "name": "Rooty Hill High School", "level": "Secondary School", "enrolment": 1108.8, "lga": "Blacktown", "icsea": 958.0, "suburb": "ROOTY HILL", "postcode": 2766 }, "geometry": { "type": "Point", "coordinates": [ 150.838148, -33.770841 ] } },
{ "type": "Feature", "properties": { "name": "Avoca Beach Public School", "level": "Primary School", "enrolment": 455.0, "lga": "Central Coast (NSW)", "icsea": 1081.0, "suburb": "Avoca Beach", "postcode": 2251 }, "geometry": { "type": "Point", "coordinates": [ 151.430745, -33.471154 ] } },
{ "type": "Feature", "properties": { "name": "Berkeley Vale Public School", "level": "Primary School", "enrolment": 524.0, "lga": "Central Coast (NSW)", "icsea": 988.0, "suburb": "Berkeley Vale", "postcode": 2261 }, "geometry": { "type": "Point", "coordinates": [ 151.435888, -33.350515 ] } },
{ "type": "Feature", "properties": { "name": "Brisbania Public School", "level": "Primary School", "enrolment": 358.0, "lga": "Central Coast (NSW)", "icsea": 1014.0, "suburb": "Saratoga", "postcode": 2251 }, "geometry": { "type": "Point", "coordinates": [ 151.357294, -33.478822 ] } },
{ "type": "Feature", "properties": { "name": "Plumpton High School", "level": "Secondary School", "enrolment": 1182.0, "lga": "Blacktown", "icsea": 966.0, "suburb": "Plumpton ", "postcode": 2761 }, "geometry": { "type": "Point", "coordinates": [ 150.835498, -33.748126 ] } },
{ "type": "Feature", "properties": { "name": "Cambridge Park High School", "level": "Secondary School", "enrolment": 633.0, "lga": "Penrith", "icsea": 916.0, "suburb": "Cambridge Park ", "postcode": 2747 }, "geometry": { "type": "Point", "coordinates": [ 150.732892, -33.752164 ] } },
{ "type": "Feature", "properties": { "name": "Narara Public School", "level": "Primary School", "enrolment": 377.0, "lga": "Central Coast (NSW)", "icsea": 1008.0, "suburb": "Lisarow ", "postcode": 2250 }, "geometry": { "type": "Point", "coordinates": [ 151.362616, -33.387915 ] } },
{ "type": "Feature", "properties": { "name": "Blaxland High School", "level": "Secondary School", "enrolment": 996.8, "lga": "Blue Mountains", "icsea": 1065.0, "suburb": "Blaxland ", "postcode": 2774 }, "geometry": { "type": "Point", "coordinates": [ 150.60859, -33.754247 ] } },
{ "type": "Feature", "properties": { "name": "Colo High School", "level": "Secondary School", "enrolment": 806.6, "lga": "Hawkesbury", "icsea": 1001.0, "suburb": "NORTH RICHMOND", "postcode": 2754 }, "geometry": { "type": "Point", "coordinates": [ 150.708204, -33.569359 ] } },
{ "type": "Feature", "properties": { "name": "Chifley College Bidwill Campus", "level": "Secondary School", "enrolment": 720.0, "lga": "Blacktown", "icsea": 849.0, "suburb": "Bidwill ", "postcode": 2770 }, "geometry": { "type": "Point", "coordinates": [ 150.827271, -33.733854 ] } },
{ "type": "Feature", "properties": { "name": "Winmalee High School", "level": "Secondary School", "enrolment": 698.0, "lga": "Blue Mountains", "icsea": 1040.0, "suburb": "Winmalee ", "postcode": 2777 }, "geometry": { "type": "Point", "coordinates": [ 150.615138, -33.676047 ] } },
{ "type": "Feature", "properties": { "name": "Ourimbah Public School", "level": "Primary School", "enrolment": 332.0, "lga": "Central Coast (NSW)", "icsea": 1018.0, "suburb": "Ourimbah ", "postcode": 2258 }, "geometry": { "type": "Point", "coordinates": [ 151.368168, -33.354916 ] } },
{ "type": "Feature", "properties": { "name": "Cranebrook High School", "level": "Secondary School", "enrolment": 871.0, "lga": "Penrith", "icsea": 916.0, "suburb": "Cranebrook", "postcode": 2749 }, "geometry": { "type": "Point", "coordinates": [ 150.709812, -33.721662 ] } },
{ "type": "Feature", "properties": { "name": "Gosford Public School", "level": "Primary School", "enrolment": 545.0, "lga": "Central Coast (NSW)", "icsea": 1049.0, "suburb": "West Gosford", "postcode": 2250 }, "geometry": { "type": "Point", "coordinates": [ 151.33449, -33.42075 ] } },
{ "type": "Feature", "properties": { "name": "Somersby Public School", "level": "Primary School", "enrolment": 56.0, "lga": "Central Coast (NSW)", "icsea": 1034.0, "suburb": "Gosford ", "postcode": 2250 }, "geometry": { "type": "Point", "coordinates": [ 151.291312, -33.358368 ] } },
{ "type": "Feature", "properties": { "name": "Holgate Public School", "level": "Primary School", "enrolment": 95.0, "lga": "Central Coast (NSW)", "icsea": 1047.0, "suburb": "Holgate ", "postcode": 2250 }, "geometry": { "type": "Point", "coordinates": [ 151.407722, -33.405106 ] } },
{ "type": "Feature", "properties": { "name": "Kincumber Public School", "level": "Primary School", "enrolment": 364.0, "lga": "Central Coast (NSW)", "icsea": 1004.0, "suburb": "Kincumber ", "postcode": 2251 }, "geometry": { "type": "Point", "coordinates": [ 151.394355, -33.468184 ] } },
{ "type": "Feature", "properties": { "name": "Lisarow Public School", "level": "Primary School", "enrolment": 192.0, "lga": "Central Coast (NSW)", "icsea": 1035.0, "suburb": "LISAROW", "postcode": 2250 }, "geometry": { "type": "Point", "coordinates": [ 151.376296, -33.381283 ] } },
{ "type": "Feature", "properties": { "name": "Empire Bay Public School", "level": "Primary School", "enrolment": 426.0, "lga": "Central Coast (NSW)", "icsea": 1039.0, "suburb": "EMPIRE BAY", "postcode": 2257 }, "geometry": { "type": "Point", "coordinates": [ 151.362889, -33.504316 ] } },
{ "type": "Feature", "properties": { "name": "Erina Heights Public School", "level": "Primary School", "enrolment": 254.0, "lga": "Central Coast (NSW)", "icsea": 1094.0, "suburb": "Erina Heights ", "postcode": 2260 }, "geometry": { "type": "Point", "coordinates": [ 151.413585, -33.428028 ] } },
{ "type": "Feature", "properties": { "name": "Woodport Public School", "level": "Primary School", "enrolment": 429.0, "lga": "Central Coast (NSW)", "icsea": 1041.0, "suburb": "Erina ", "postcode": 2250 }, "geometry": { "type": "Point", "coordinates": [ 151.37849, -33.439347 ] } },
{ "type": "Feature", "properties": { "name": "Ettalong Public School", "level": "Primary School", "enrolment": 490.0, "lga": "Central Coast (NSW)", "icsea": 975.0, "suburb": "Ettalong Beach ", "postcode": 2257 }, "geometry": { "type": "Point", "coordinates": [ 151.332702, -33.513539 ] } },
{ "type": "Feature", "properties": { "name": "Pretty Beach Public School", "level": "Primary School", "enrolment": 154.0, "lga": "Central Coast (NSW)", "icsea": 1102.0, "suburb": "PRETTY BEACH", "postcode": 2257 }, "geometry": { "type": "Point", "coordinates": [ 151.350019, -33.528039 ] } },
{ "type": "Feature", "properties": { "name": "Terrigal Public School", "level": "Primary School", "enrolment": 888.0, "lga": "Central Coast (NSW)", "icsea": 1078.0, "suburb": "Terrigal ", "postcode": 2260 }, "geometry": { "type": "Point", "coordinates": [ 151.438197, -33.442449 ] } },
{ "type": "Feature", "properties": { "name": "Woy Woy South Public School", "level": "Primary School", "enrolment": 648.0, "lga": "Central Coast (NSW)", "icsea": 996.0, "suburb": "Woy Woy ", "postcode": 2256 }, "geometry": { "type": "Point", "coordinates": [ 151.321429, -33.503577 ] } },
{ "type": "Feature", "properties": { "name": "Wyoming Public School", "level": "Primary School", "enrolment": 302.0, "lga": "Central Coast (NSW)", "icsea": 940.0, "suburb": "Wyoming ", "postcode": 2250 }, "geometry": { "type": "Point", "coordinates": [ 151.355782, -33.408202 ] } },
{ "type": "Feature", "properties": { "name": "Killarney Vale Public School", "level": "Primary School", "enrolment": 477.0, "lga": "Central Coast (NSW)", "icsea": 963.0, "suburb": "Killarney Vale ", "postcode": 2261 }, "geometry": { "type": "Point", "coordinates": [ 151.456103, -33.365221 ] } },
{ "type": "Feature", "properties": { "name": "Bateau Bay Public School", "level": "Primary School", "enrolment": 614.0, "lga": "Central Coast (NSW)", "icsea": 1029.0, "suburb": "BATEAU BAY", "postcode": 2261 }, "geometry": { "type": "Point", "coordinates": [ 151.476143, -33.391771 ] } },
{ "type": "Feature", "properties": { "name": "Glenvale School", "level": "Schools for Specific Purposes", "enrolment": 159.0, "lga": "Central Coast (NSW)", "icsea": 963.0, "suburb": "Narara ", "postcode": 2250 }, "geometry": { "type": "Point", "coordinates": [ 151.335729, -33.40658 ] } },
{ "type": "Feature", "properties": { "name": "North Gosford Learning Centre", "level": "Schools for Specific Purposes", "enrolment": 38.0, "lga": "Central Coast (NSW)", "icsea": 905.0, "suburb": "North Gosford", "postcode": 2250 }, "geometry": { "type": "Point", "coordinates": [ 151.35037, -33.416874 ] } },
{ "type": "Feature", "properties": { "name": "Gosford East Public School", "level": "Primary School", "enrolment": 334.0, "lga": "Central Coast (NSW)", "icsea": 1017.0, "suburb": "EAST GOSFORD", "postcode": 2250 }, "geometry": { "type": "Point", "coordinates": [ 151.348883, -33.437558 ] } },
{ "type": "Feature", "properties": { "name": "Chertsey Primary School", "level": "Primary School", "enrolment": 125.0, "lga": "Central Coast (NSW)", "icsea": 935.0, "suburb": "Springfield ", "postcode": 2250 }, "geometry": { "type": "Point", "coordinates": [ 151.369267, -33.429911 ] } },
{ "type": "Feature", "properties": { "name": "Niagara Park Public School", "level": "Primary School", "enrolment": 412.0, "lga": "Central Coast (NSW)", "icsea": 1008.0, "suburb": "Niagara Park ", "postcode": 2250 }, "geometry": { "type": "Point", "coordinates": [ 151.351096, -33.384122 ] } },
{ "type": "Feature", "properties": { "name": "Tuggerah Lakes Secondary College Tumbi Umbi Campus", "level": "Secondary School", "enrolment": 802.0, "lga": "Central Coast (NSW)", "icsea": 972.0, "suburb": "Tumbi Umbi ", "postcode": 2261 }, "geometry": { "type": "Point", "coordinates": [ 151.454054, -33.395596 ] } },
{ "type": "Feature", "properties": { "name": "Valley View Public School", "level": "Primary School", "enrolment": 325.0, "lga": "Central Coast (NSW)", "icsea": 987.0, "suburb": "Wyoming ", "postcode": 2250 }, "geometry": { "type": "Point", "coordinates": [ 151.361943, -33.400215 ] } },
{ "type": "Feature", "properties": { "name": "Brisbane Water Secondary College Umina Campus", "level": "Secondary School", "enrolment": 787.0, "lga": "Central Coast (NSW)", "icsea": 966.0, "suburb": "Umina ", "postcode": 2257 }, "geometry": { "type": "Point", "coordinates": [ 151.308139, -33.507421 ] } },
{ "type": "Feature", "properties": { "name": "Wamberal Public School", "level": "Primary School", "enrolment": 475.0, "lga": "Central Coast (NSW)", "icsea": 1048.0, "suburb": "Wamberal ", "postcode": 2260 }, "geometry": { "type": "Point", "coordinates": [ 151.448258, -33.412197 ] } },
{ "type": "Feature", "properties": { "name": "Umina Beach Public School", "level": "Primary School", "enrolment": 606.0, "lga": "Central Coast (NSW)", "icsea": 1010.0, "suburb": "Umina Beach ", "postcode": 2257 }, "geometry": { "type": "Point", "coordinates": [ 151.314055, -33.52511 ] } },
{ "type": "Feature", "properties": { "name": "Point Clare Public School", "level": "Primary School", "enrolment": 479.0, "lga": "Central Coast (NSW)", "icsea": 1058.0, "suburb": "Point Clare ", "postcode": 2250 }, "geometry": { "type": "Point", "coordinates": [ 151.327734, -33.443519 ] } },
{ "type": "Feature", "properties": { "name": "Woy Woy Public School", "level": "Primary School", "enrolment": 365.0, "lga": "Central Coast (NSW)", "icsea": 970.0, "suburb": "Woy Woy ", "postcode": 2256 }, "geometry": { "type": "Point", "coordinates": [ 151.328247, -33.491705 ] } },
{ "type": "Feature", "properties": { "name": "Kincumber High School", "level": "Secondary School", "enrolment": 1002.0, "lga": "Central Coast (NSW)", "icsea": 1045.0, "suburb": "Kincumber", "postcode": 2251 }, "geometry": { "type": "Point", "coordinates": [ 151.382516, -33.464894 ] } },
{ "type": "Feature", "properties": { "name": "Narara Valley High School", "level": "Secondary School", "enrolment": 628.8, "lga": "Central Coast (NSW)", "icsea": 974.0, "suburb": "Narara ", "postcode": 2250 }, "geometry": { "type": "Point", "coordinates": [ 151.334064, -33.398422 ] } },
{ "type": "Feature", "properties": { "name": "Gosford High School", "level": "Secondary School", "enrolment": 1058.1, "lga": "Central Coast (NSW)", "icsea": 1157.0, "suburb": "Gosford ", "postcode": 2250 }, "geometry": { "type": "Point", "coordinates": [ 151.341388, -33.417183 ] } },
{ "type": "Feature", "properties": { "name": "Kariong Mountains High School", "level": "Secondary School", "enrolment": 419.2, "lga": "Central Coast (NSW)", "icsea": 968.0, "suburb": "Kariong", "postcode": 2250 }, "geometry": { "type": "Point", "coordinates": [ 151.296076, -33.43039 ] } },
{ "type": "Feature", "properties": { "name": "Erina High School", "level": "Secondary School", "enrolment": 780.6, "lga": "Central Coast (NSW)", "icsea": 996.0, "suburb": "Erina ", "postcode": 2250 }, "geometry": { "type": "Point", "coordinates": [ 151.381503, -33.440279 ] } },
{ "type": "Feature", "properties": { "name": "Copacabana Public School", "level": "Primary School", "enrolment": 259.0, "lga": "Central Coast (NSW)", "icsea": 1064.0, "suburb": "Copacabana ", "postcode": 2251 }, "geometry": { "type": "Point", "coordinates": [ 151.436848, -33.485042 ] } },
{ "type": "Feature", "properties": { "name": "Brooke Avenue Public School", "level": "Primary School", "enrolment": 420.0, "lga": "Central Coast (NSW)", "icsea": 931.0, "suburb": "KILLARNEY VALE", "postcode": 2261 }, "geometry": { "type": "Point", "coordinates": [ 151.466133, -33.37611 ] } },
{ "type": "Feature", "properties": { "name": "Kariong Public School", "level": "Primary School", "enrolment": 502.0, "lga": "Central Coast (NSW)", "icsea": 1007.0, "suburb": "Kariong ", "postcode": 2250 }, "geometry": { "type": "Point", "coordinates": [ 151.289632, -33.441014 ] } },
{ "type": "Feature", "properties": { "name": "Terrigal High School", "level": "Secondary School", "enrolment": 847.0, "lga": "Central Coast (NSW)", "icsea": 1044.0, "suburb": "Terrigal ", "postcode": 2260 }, "geometry": { "type": "Point", "coordinates": [ 151.429342, -33.442167 ] } },
{ "type": "Feature", "properties": { "name": "Lisarow High School", "level": "Secondary School", "enrolment": 727.6, "lga": "Central Coast (NSW)", "icsea": 1014.0, "suburb": "LISAROW", "postcode": 2250 }, "geometry": { "type": "Point", "coordinates": [ 151.370354, -33.385327 ] } },
{ "type": "Feature", "properties": { "name": "Tuggerah Lakes Secondary College The Entrance Campus", "level": "Secondary School", "enrolment": 754.0, "lga": "Central Coast (NSW)", "icsea": 987.0, "suburb": "Shelly Beach", "postcode": 2261 }, "geometry": { "type": "Point", "coordinates": [ 151.476613, -33.371256 ] } },
{ "type": "Feature", "properties": { "name": "Henry Kendall High School", "level": "Secondary School", "enrolment": 789.0, "lga": "Central Coast (NSW)", "icsea": 1030.0, "suburb": "Gosford ", "postcode": 2250 }, "geometry": { "type": "Point", "coordinates": [ 151.334496, -33.420757 ] } },
{ "type": "Feature", "properties": { "name": "Austinmer Public School", "level": "Primary School", "enrolment": 227.0, "lga": "Wollongong", "icsea": 1132.0, "suburb": "Austinmer ", "postcode": 2515 }, "geometry": { "type": "Point", "coordinates": [ 150.934991, -34.305398 ] } },
{ "type": "Feature", "properties": { "name": "Coledale Public School", "level": "Primary School", "enrolment": 135.0, "lga": "Wollongong", "icsea": 1118.0, "suburb": "Coledale ", "postcode": 2515 }, "geometry": { "type": "Point", "coordinates": [ 150.947366, -34.289546 ] } },
{ "type": "Feature", "properties": { "name": "Helensburgh Public School", "level": "Primary School", "enrolment": 460.0, "lga": "Wollongong", "icsea": 1057.0, "suburb": "Helensburgh ", "postcode": 2508 }, "geometry": { "type": "Point", "coordinates": [ 150.988393, -34.184207 ] } },
{ "type": "Feature", "properties": { "name": "Otford Public School", "level": "Primary School", "enrolment": 48.0, "lga": "Wollongong", "icsea": 1104.0, "suburb": "Otford ", "postcode": 2508 }, "geometry": { "type": "Point", "coordinates": [ 151.001507, -34.212198 ] } },
{ "type": "Feature", "properties": { "name": "Thirroul Public School", "level": "Primary School", "enrolment": 367.0, "lga": "Wollongong", "icsea": 1119.0, "suburb": "Thirroul", "postcode": 2515 }, "geometry": { "type": "Point", "coordinates": [ 150.918701, -34.31521 ] } },
{ "type": "Feature", "properties": { "name": "Waniora Public School", "level": "Primary School", "enrolment": 264.0, "lga": "Wollongong", "icsea": 1077.0, "suburb": "Bulli ", "postcode": 2516 }, "geometry": { "type": "Point", "coordinates": [ 150.919146, -34.336784 ] } },
{ "type": "Feature", "properties": { "name": "Woonona High School", "level": "Secondary School", "enrolment": 766.3, "lga": "Wollongong", "icsea": 1030.0, "suburb": "Woonona ", "postcode": 2517 }, "geometry": { "type": "Point", "coordinates": [ 150.910102, -34.345037 ] } },
{ "type": "Feature", "properties": { "name": "Scarborough Public School", "level": "Primary School", "enrolment": 54.0, "lga": "Wollongong", "icsea": 1080.0, "suburb": "Scarborough ", "postcode": 2515 }, "geometry": { "type": "Point", "coordinates": [ 150.966036, -34.266182 ] } },
{ "type": "Feature", "properties": { "name": "Stanwell Park Public School", "level": "Primary School", "enrolment": 150.0, "lga": "Wollongong", "icsea": 1112.0, "suburb": "Stanwell Park ", "postcode": 2508 }, "geometry": { "type": "Point", "coordinates": [ 150.984536, -34.228715 ] } },
{ "type": "Feature", "properties": { "name": "Woonona Public School", "level": "Primary School", "enrolment": 519.0, "lga": "Wollongong", "icsea": 1070.0, "suburb": "Woonona ", "postcode": 2517 }, "geometry": { "type": "Point", "coordinates": [ 150.906806, -34.345569 ] } },
{ "type": "Feature", "properties": { "name": "Bulli Public School", "level": "Primary School", "enrolment": 318.0, "lga": "Wollongong", "icsea": 1069.0, "suburb": "Bulli ", "postcode": 2516 }, "geometry": { "type": "Point", "coordinates": [ 150.912703, -34.326951 ] } },
{ "type": "Feature", "properties": { "name": "Bulli High School", "level": "Secondary School", "enrolment": 978.6, "lga": "Wollongong", "icsea": 1058.0, "suburb": "Bulli ", "postcode": 2516 }, "geometry": { "type": "Point", "coordinates": [ 150.921143, -34.337247 ] } },
{ "type": "Feature", "properties": { "name": "The Ponds School", "level": "Schools for Specific Purposes", "enrolment": 120.0, "lga": "Blacktown", "icsea": 1038.0, "suburb": "The Ponds", "postcode": 2769 }, "geometry": { "type": "Point", "coordinates": [ 150.911601, -33.698 ] } },
{ "type": "Feature", "properties": { "name": "Inner Sydney High School", "level": "Secondary School", "enrolment": 1159.6, "lga": "Sydney", "icsea": 1104.0, "suburb": "Surry Hills", "postcode": 2010 }, "geometry": { "type": "Point", "coordinates": [ 151.20603, -33.889372 ] } },
{ "type": "Feature", "properties": { "name": "Gledswood Hills Public School", "level": "Primary School", "enrolment": 976.0, "lga": "Camden", "icsea": 1038.0, "suburb": "GLEDSWOOD HILLS", "postcode": 2557 }, "geometry": { "type": "Point", "coordinates": [ 150.776555, -34.01223 ] } },
{ "type": "Feature", "properties": { "name": "Smalls Road Public School", "level": "Primary School", "enrolment": 494.0, "lga": "Ryde", "icsea": 1114.0, "suburb": "RYDE", "postcode": 2112 }, "geometry": { "type": "Point", "coordinates": [ 151.109465, -33.799393 ] } },
{ "type": "Feature", "properties": { "name": "South Creek School", "level": "Schools for Specific Purposes", "enrolment": 82.0, "lga": "Blacktown", "icsea": 982.0, "suburb": "RIVERSTONE", "postcode": 2765 }, "geometry": { "type": "Point", "coordinates": [ 150.875639299999989, -33.6779475 ] } },
{ "type": "Feature", "properties": { "name": "Richmond Agricultural Centre", "level": "Secondary School", "enrolment": 11.0, "lga": "Hawkesbury", "icsea": 1098.0, "suburb": "Richmond", "postcode": 2753 }, "geometry": { "type": "Point", "coordinates": [ 150.753568, -33.614026 ] } },
{ "type": "Feature", "properties": { "name": "Wilton Public School", "level": "Primary School", "enrolment": 666.0, "lga": "Wollondilly", "icsea": 1018.0, "suburb": "WILTON", "postcode": 2571 }, "geometry": { "type": "Point", "coordinates": [ 150.684833, -34.228678 ] } },
{ "type": "Feature", "properties": { "name": "Oran Park Public School", "level": "Primary School", "enrolment": 1407.0, "lga": "Camden", "icsea": 1027.0, "suburb": "Oran Park", "postcode": 2570 }, "geometry": { "type": "Point", "coordinates": [ 150.73485, -33.99728 ] } },
{ "type": "Feature", "properties": { "name": "Melonba High School", "level": "Secondary School", "enrolment": 704.0, "lga": "Blacktown", "icsea": 1073.0, "suburb": "Marsden Park", "postcode": 2765 }, "geometry": { "type": "Point", "coordinates": [ 150.802768, -33.697399 ] } },
{ "type": "Feature", "properties": { "name": "Wentworth Point High School", "level": "Secondary School", "enrolment": 188.0, "lga": "Parramatta", "icsea": 1062.0, "suburb": "WENTWORTH POINT", "postcode": 2127 }, "geometry": { "type": "Point", "coordinates": [ 151.08074, -33.82399 ] } },
{ "type": "Feature", "properties": { "name": "Randwick High School", "level": "Secondary School", "enrolment": 1460.0, "lga": "Randwick", "icsea": 1071.0, "suburb": "Randwick", "postcode": 2031 }, "geometry": { "type": "Point", "coordinates": [ 151.23944, -33.921832 ] } },
{ "type": "Feature", "properties": { "name": "Gledswood Hills High School", "level": "Secondary School", "enrolment": 87.0, "lga": "Camden", "icsea": 1013.0, "suburb": "GLEDSWOOD HILLS", "postcode": 2557 }, "geometry": { "type": "Point", "coordinates": [ 150.769597, -34.022494 ] } },
{ "type": "Feature", "properties": { "name": "Bayside High School", "level": "Secondary School", "enrolment": null, "lga": "Bayside (NSW)", "icsea": null, "suburb": "Kogarah", "postcode": 2217 }, "geometry": { "type": "Point", "coordinates": [ 151.1374145, -33.9673955 ] } },
{ "type": "Feature", "properties": { "name": "Box Hill High School", "level": "Secondary School", "enrolment": null, "lga": "The Hills", "icsea": null, "suburb": "Box Hill", "postcode": 2765 }, "geometry": { "type": "Point", "coordinates": [ 150.898968, -33.6457 ] } },
{ "type": "Feature", "properties": { "name": "Bayanami Public School", "level": "Primary School", "enrolment": 663.0, "lga": "Parramatta", "icsea": 1108.0, "suburb": "PARRAMATTA", "postcode": 2150 }, "geometry": { "type": "Point", "coordinates": [ 151.001264, -33.80993 ] } },
{ "type": "Feature", "properties": { "name": "Oran Park High School", "level": "Secondary School", "enrolment": 1579.0, "lga": "Camden", "icsea": 1002.0, "suburb": "ORAN PARK", "postcode": 2570 }, "geometry": { "type": "Point", "coordinates": [ 150.736305, -33.998988 ] } },
{ "type": "Feature", "properties": { "name": "George Bass School", "level": "Schools for Specific Purposes", "enrolment": 102.0, "lga": "Canterbury-Bankstown", "icsea": 979.0, "suburb": "BASS HILL", "postcode": 2197 }, "geometry": { "type": "Point", "coordinates": [ 150.988237, -33.89794534 ] } },
{ "type": "Feature", "properties": { "name": "Marie Bashir Public School", "level": "Primary School", "enrolment": 424.0, "lga": "Strathfield", "icsea": 1104.0, "suburb": "STRATHFIELD", "postcode": 2135 }, "geometry": { "type": "Point", "coordinates": [ 151.079424, -33.875168 ] } },
{ "type": "Feature", "properties": { "name": "Cammeraygal High School", "level": "Secondary School", "enrolment": 905.0, "lga": "North Sydney", "icsea": 1135.0, "suburb": "Crows Nest", "postcode": 2065 }, "geometry": { "type": "Point", "coordinates": [ 151.20304, -33.832162 ] } },
{ "type": "Feature", "properties": { "name": "Aurora College", "level": "Secondary School", "enrolment": null, "lga": "Ku-ring-gai", "icsea": null, "suburb": "LINDFIELD", "postcode": 2070 }, "geometry": { "type": "Point", "coordinates": [ 151.1607, -33.7897 ] } },
{ "type": "Feature", "properties": { "name": "Victoria Avenue Public School", "level": "Primary School", "enrolment": 340.0, "lga": "Canada Bay", "icsea": 1071.0, "suburb": "CONCORD WEST", "postcode": 2138 }, "geometry": { "type": "Point", "coordinates": [ 151.083379, -33.847748 ] } },
{ "type": "Feature", "properties": { "name": "Riverbank Public School", "level": "Primary School", "enrolment": 2030.0, "lga": "Blacktown", "icsea": 1141.0, "suburb": "THE PONDS", "postcode": 2769 }, "geometry": { "type": "Point", "coordinates": [ 150.899525, -33.703959 ] } },
{ "type": "Feature", "properties": { "name": "The Ponds High School", "level": "Secondary School", "enrolment": 2318.0, "lga": "Blacktown", "icsea": 1118.0, "suburb": "The Ponds", "postcode": 2769 }, "geometry": { "type": "Point", "coordinates": [ 150.89764, -33.7033 ] } },
{ "type": "Feature", "properties": { "name": "Anzac Park Public School", "level": "Primary School", "enrolment": 720.0, "lga": "North Sydney", "icsea": 1147.0, "suburb": "CAMMERAY", "postcode": 2062 }, "geometry": { "type": "Point", "coordinates": [ 151.210731, -33.826566 ] } },
{ "type": "Feature", "properties": { "name": "Spring Farm Public School", "level": "Primary School", "enrolment": 866.0, "lga": "Camden", "icsea": 1009.0, "suburb": "Spring Farm", "postcode": 2570 }, "geometry": { "type": "Point", "coordinates": [ 150.714957, -34.069638 ] } },
{ "type": "Feature", "properties": { "name": "Fernhill School", "level": "Schools for Specific Purposes", "enrolment": 129.0, "lga": "Penrith", "icsea": 956.0, "suburb": "GLENMORE PARK", "postcode": 2745 }, "geometry": { "type": "Point", "coordinates": [ 150.676955842000012, -33.796286238 ] } },
{ "type": "Feature", "properties": { "name": "Wentworth Point Public School", "level": "Primary School", "enrolment": 672.0, "lga": "Parramatta", "icsea": 1045.0, "suburb": "WENTWORTH POINT", "postcode": 2127 }, "geometry": { "type": "Point", "coordinates": [ 151.080113, -33.823709 ] } },
{ "type": "Feature", "properties": { "name": "Lindfield College", "level": "Central/Community School", "enrolment": 801.5, "lga": "Ku-ring-gai", "icsea": 1152.0, "suburb": "LINDFIELD", "postcode": 2070 }, "geometry": { "type": "Point", "coordinates": [ 151.160509, -33.790062 ] } },
{ "type": "Feature", "properties": { "name": "Yandelora School", "level": "Schools for Specific Purposes", "enrolment": 118.0, "lga": "Camden", "icsea": 1017.0, "suburb": "Narellan", "postcode": 2567 }, "geometry": { "type": "Point", "coordinates": [ 150.732244025, -34.04306214 ] } },
{ "type": "Feature", "properties": { "name": "Bella Vista Public School", "level": "Primary School", "enrolment": 1104.0, "lga": "The Hills", "icsea": 1147.0, "suburb": "BELLA VISTA", "postcode": 2153 }, "geometry": { "type": "Point", "coordinates": [ 150.954991, -33.726556 ] } },
{ "type": "Feature", "properties": { "name": "North Kellyville Public School", "level": "Primary School", "enrolment": 1068.0, "lga": "The Hills", "icsea": 1112.0, "suburb": "NORTH KELLYVILLE", "postcode": 2155 }, "geometry": { "type": "Point", "coordinates": [ 150.955059, -33.691337 ] } },
{ "type": "Feature", "properties": { "name": "Jordan Springs Public School", "level": "Primary School", "enrolment": 1119.0, "lga": "Penrith", "icsea": 1017.0, "suburb": "JORDAN SPRINGS", "postcode": 2747 }, "geometry": { "type": "Point", "coordinates": [ 150.725931, -33.724924 ] } },
{ "type": "Feature", "properties": { "name": "Galungara Public School", "level": "Primary School", "enrolment": 882.0, "lga": "Blacktown", "icsea": 1106.0, "suburb": "SCHOFIELDS", "postcode": 2762 }, "geometry": { "type": "Point", "coordinates": [ 150.880515, -33.700355 ] } },
{ "type": "Feature", "properties": { "name": "Barramurra Public School", "level": "Primary School", "enrolment": 1182.0, "lga": "Camden", "icsea": 1044.0, "suburb": "Oran Park", "postcode": 2570 }, "geometry": { "type": "Point", "coordinates": [ 150.749038, -34.006959 ] } },
{ "type": "Feature", "properties": { "name": "Denham Court Public School", "level": "Primary School", "enrolment": 826.0, "lga": "Campbelltown (NSW)", "icsea": 1068.0, "suburb": "Denham Court", "postcode": 2565 }, "geometry": { "type": "Point", "coordinates": [ 150.8154, -33.9825 ] } },
{ "type": "Feature", "properties": { "name": "Northbourne Public School", "level": "Primary School", "enrolment": 1711.0, "lga": "Blacktown", "icsea": 1095.0, "suburb": "Marsden Park", "postcode": 2765 }, "geometry": { "type": "Point", "coordinates": [ 150.8186977, -33.6890866 ] } },
{ "type": "Feature", "properties": { "name": "Nangamay Public School", "level": "Primary School", "enrolment": 413.0, "lga": "Penrith", "icsea": 1050.0, "suburb": "GLENMORE PARK", "postcode": 2745 }, "geometry": { "type": "Point", "coordinates": [ 150.681619, -33.803003 ] } },
{ "type": "Feature", "properties": { "name": "Edmondson Park Public School", "level": "Primary School", "enrolment": 897.0, "lga": "Liverpool", "icsea": 1077.0, "suburb": "Edmondson Park", "postcode": 2174 }, "geometry": { "type": "Point", "coordinates": [ 150.852675, -33.965316 ] } },
{ "type": "Feature", "properties": { "name": "Ngarala Public School", "level": "Primary School", "enrolment": 380.0, "lga": "Parramatta", "icsea": 1118.0, "suburb": "EPPING", "postcode": 2121 }, "geometry": { "type": "Point", "coordinates": [ 151.069192, -33.78106 ] } },
{ "type": "Feature", "properties": { "name": "Gregory Hills Public School", "level": "Primary School", "enrolment": 647.0, "lga": "Camden", "icsea": 1028.0, "suburb": "Gregory Hills", "postcode": 2557 }, "geometry": { "type": "Point", "coordinates": [ 150.78, -34.025 ] } },
{ "type": "Feature", "properties": { "name": "Gulyangarri Public School", "level": "Primary School", "enrolment": 267.0, "lga": "Liverpool", "icsea": 959.0, "suburb": "Liverpool", "postcode": 2170 }, "geometry": { "type": "Point", "coordinates": [ 150.932241, -33.917848 ] } },
{ "type": "Feature", "properties": { "name": "Tallawong Public School", "level": "Primary School", "enrolment": 121.0, "lga": "Blacktown", "icsea": 1083.0, "suburb": "Rouse Hill", "postcode": 2155 }, "geometry": { "type": "Point", "coordinates": [ 150.8991, -33.6868 ] } },
{ "type": "Feature", "properties": { "name": "Nirimba Fields Public School", "level": "Primary School", "enrolment": 210.0, "lga": "Blacktown", "icsea": 1126.0, "suburb": "Nirimba Fields", "postcode": 2763 }, "geometry": { "type": "Point", "coordinates": [ 150.8728, -33.7146 ] } },
{ "type": "Feature", "properties": { "name": "Green Square Public School", "level": "Primary School", "enrolment": 107.0, "lga": "Sydney", "icsea": 1122.0, "suburb": "Zetlands", "postcode": 2017 }, "geometry": { "type": "Point", "coordinates": [ 151.20668, -33.908383 ] } },
{ "type": "Feature", "properties": { "name": "Melonba Public School", "level": "Primary School", "enrolment": 776.0, "lga": "Blacktown", "icsea": 1098.0, "suburb": "MELONBA", "postcode": 2765 }, "geometry": { "type": "Point", "coordinates": [ 150.803617, -33.699759 ] } },
{ "type": "Feature", "properties": { "name": "Box Hill Public School", "level": "Primary School", "enrolment": 271.0, "lga": "The Hills", "icsea": 1123.0, "suburb": "Box Hill", "postcode": 2765 }, "geometry": { "type": "Point", "coordinates": [ 150.892123, -33.64227 ] } }
]
}
